id,base_threshold,final_threshold,coverage
1,0.99180126,0.9385006576776505,0.5102040816326531
2,0.9789365,0.9258639007806777,0.2916666666666667
3,0.2079285,0.20792849361896515,1.0
4,0.9470835,0.8186383843421936,0.5555555555555556
5,0.9955059,0.9435680896043777,0.4876543209876543
6,0.9952208,0.9456527173519134,0.5
7,0.0062548867,0.006254886742681265,1.0
8,0.012629652,0.01262965239584446,1.0
9,0.012571359,0.012571359053254128,1.0
10,1.0,0.934761917591095,0.1355271787353883
11,0.04109589,0.04109589010477066,1.0
12,0.023280092,0.02328009158372879,1.0
13,0.47705576,0.47705575823783875,1.0
14,0.9836249,0.9249713867902756,0.3469387755102041
15,0.011296396,0.011296396143734455,1.0
16,0.9560158,0.9279293328523636,0.5
17,0.24565972,0.2456597238779068,1.0
18,0.8897143,0.8897143006324768,1.0
19,0.9862934,0.9374700367450713,0.5
20,0.9992281,0.8953282803297042,0.2416
21,0.971282,0.9263947546482085,0.5138888888888888
22,0.40932602,0.4093260169029236,1.0
23,0.9718252,0.8809729158878326,0.5
24,0.4133103,0.41331028938293457,1.0
25,0.9782766,0.9370903134346008,0.3765432098765432
26,0.64772534,0.6477253437042236,1.0
27,0.26961666,0.26961666345596313,1.0
28,0.31771094,0.3177109360694885,1.0
29,0.65222996,0.6522299647331238,1.0
30,0.0076923077,0.007692307699471712,1.0
31,0.98080635,0.9273679584264755,0.52
32,0.955429,0.9321286559104919,0.5
33,0.57459503,0.574595034122467,1.0
34,0.9987957,0.9442837089300156,0.2709750566893424
35,0.33827025,0.33827024698257446,1.0
36,0.006045949,0.006045949179679155,1.0
37,0.26512167,0.2651216685771942,1.0
38,0.99856085,0.9398905038833618,0.6106821310965744
39,0.42754892,0.42754891514778137,1.0
40,0.008465609,0.008465608581900597,1.0
41,0.41984564,0.4198456406593323,1.0
42,0.009786209,0.009786209091544151,1.0
43,0.9530471,0.9256535977125168,0.52
44,0.009228375,0.009228374809026718,1.0
45,0.9990478,0.9348789036273956,0.8658041606701078
46,0.02257484,0.022574840113520622,1.0
47,0.96179575,0.9120935797691345,0.8347107438016529
48,0.9990564,0.9306383579969406,0.8694507193198433
49,0.009449071,0.009449071250855923,1.0
50,0.9315043,0.8978877037763595,0.7551020408163265
51,0.56311464,0.5631146430969238,1.0
52,0.98972297,0.9373199820518493,0.371900826446281
53,0.95969623,0.8435227751731872,0.9784971644612477
54,0.99726176,0.9362788289785384,0.5041322314049587
55,0.95610374,0.9290785819292068,0.38
57,0.96783215,0.9446604877710342,0.783569577808261
58,0.9682774,0.9261975884437561,0.5555555555555556
59,0.94217163,0.9360873818397522,0.8469387755102041
60,0.979642,0.926008066534996,0.745
61,0.9918033,0.9209223449230194,0.6775782348912941
63,0.9367951,0.9367951154708862,1.0
64,0.004160666,0.004160665906965733,1.0
65,0.37623763,0.3762376308441162,1.0
66,0.2114579,0.21145789325237274,1.0
67,0.64289635,0.6428963541984558,1.0
68,0.95925117,0.9290785819292068,0.7923875432525952
69,0.45568824,0.4556882381439209,1.0
70,0.033665657,0.03366565704345703,1.0
71,0.0005545082,0.0005545081803575158,1.0
72,0.2524214,0.25242140889167786,1.0
73,0.67622817,0.6762281656265259,1.0
74,0.598002,0.598002016544342,1.0
75,0.99800825,0.9316923081874847,0.2197644355070382
76,0.0076793605,0.007679360453039408,1.0
77,0.9843814,0.9140852302312851,0.5974253537497028
79,0.4764421,0.4764420986175537,1.0
80,0.9927323,0.9122543364763259,0.4090909090909091
81,0.006437768,0.00643776822835207,1.0
82,0.0070178905,0.007017890457063913,1.0
83,0.21330988,0.2133098840713501,1.0
84,0.9270978,0.9212276637554169,0.9111111111111111
85,0.35563973,0.3556397259235382,1.0
86,0.01045947,0.010459469631314278,1.0
87,0.9669746,0.9255605638027191,0.568359375
88,0.0048148762,0.004814876243472099,1.0
89,0.8020897,0.8020896911621094,1.0
90,0.9713598,0.9142671644687652,0.7796143250688705
91,0.12763001,0.12763001024723053,1.0
92,0.45460263,0.4546026289463043,1.0
93,0.51274985,0.5127498507499695,1.0
94,0.36277643,0.36277642846107483,1.0
95,0.43141645,0.43141645193099976,1.0
96,0.5115272,0.5115271806716919,1.0
97,0.96592236,0.9143504589796065,0.5
99,0.973221,0.9286960273981094,0.654320987654321
100,0.2949492,0.2949492037296295,1.0
101,0.0016273393,0.0016273392830044031,1.0
102,0.6630165,0.6630164980888367,1.0
103,0.13575482,0.13575482368469238,1.0
104,0.99537444,0.9446951985359191,0.5
105,0.99456984,0.9275382280349731,0.255
106,0.38668403,0.38668403029441833,1.0
107,0.38234165,0.3823416531085968,1.0
108,0.4151515,0.4151515066623688,1.0
109,0.003991403,0.00399140315130353,1.0
110,0.9800242,0.9275382280349731,0.5918367346938775
111,0.99875635,0.8999573826789855,0.8934102683588717
112,0.22060767,0.2206076681613922,1.0
113,0.00034287674,0.00034287673770450056,1.0
114,0.9724988,0.9419297188520431,0.52
115,0.9918111,0.917154386639595,0.8565823896430025
116,0.95658773,0.9441107213497162,0.8347107438016529
117,0.6112057,0.6112056970596313,1.0
118,0.6447668,0.6447668075561523,1.0
119,0.9895186,0.9171803772449493,0.9861624043808533
120,0.46475163,0.46475163102149963,1.0
121,0.5796024,0.5796024203300476,1.0
122,0.5262083,0.5262082815170288,1.0
123,0.9835469,0.9175290137529373,0.5
124,0.022768434,0.022768434137105942,1.0
125,0.36329553,0.3632955253124237,1.0
126,0.9930426,0.9172076135873795,0.315
128,0.90902114,0.9090211391448975,1.0
129,0.99423176,0.93701171875,0.5
130,0.9778782,0.8978877037763595,0.8230732395942811
131,0.5955998,0.5955997705459595,1.0
132,0.16934296,0.16934296488761902,1.0
133,0.012114686,0.012114685960114002,1.0
134,0.52934337,0.5293433666229248,1.0
135,0.00447669,0.004476690199226141,1.0
136,0.28044233,0.28044232726097107,1.0
137,0.97242725,0.9347003668546676,0.7688888888888888
138,0.6616403,0.6616402864456177,1.0
139,0.5145901,0.5145900845527649,1.0
140,0.77339524,0.7733952403068542,1.0
142,0.965135,0.8785912364721298,0.6572222222222223
143,0.40860775,0.40860775113105774,1.0
144,0.9963921,0.9442533016204834,0.5
145,0.98847836,0.8785912364721298,0.7508284023668639
146,0.0022087775,0.0022087774705141783,1.0
147,0.35966736,0.3596673607826233,1.0
148,0.9888502,0.9239853292703628,0.5537190082644629
150,0.94035167,0.9360712438821792,0.6326530612244898
151,0.5994478,0.5994477868080139,1.0
152,0.95557266,0.8818059176206589,0.7612821991541715
153,0.46896553,0.4689655303955078,1.0
154,0.83185625,0.8318562507629395,1.0
155,0.5902292,0.5902292132377625,1.0
156,0.98362255,0.9129171818494797,0.41358024691358025
157,0.8868819,0.880026552081108,0.9999512510236523
158,0.5219907,0.5219907164573669,1.0
159,0.00029312618,0.00029312618426047266,1.0
160,0.98677874,0.8941637992858886,0.8392980296873176
161,0.0,0.0,0.0014705882352941176
162,0.010695893,0.010695893317461014,1.0
163,0.9690404,0.933513405919075,0.6088888888888889
164,0.9761799,0.9184736222028732,0.625
165,0.9809267,0.9237202703952789,0.418668093449588
166,0.95268095,0.9349312812089919,0.5138888888888888
167,0.0006908122,0.0006908121868036687,1.0
168,0.9732014,0.9284255892038344,0.7532820280669986
169,0.96604276,0.9188278079032898,0.6094674556213018
170,0.9093285,0.9019255340099335,0.75
171,0.9943813,0.941651239991188,0.3046875
172,0.9950455,0.9116854310035705,0.3272437673130194
173,0.5708502,0.5708501935005188,1.0
174,0.68577874,0.6857787370681763,1.0
175,0.92015254,0.9201525449752808,1.0
176,0.1421848,0.1421847939491272,1.0
177,0.00056264066,0.0005626406637020409,1.0
178,0.98645025,0.9406545370817184,0.654320987654321
179,0.5909497,0.5909497141838074,1.0
180,0.012923077,0.012923076748847961,1.0
181,0.9889514,0.94199438393116,0.5
182,0.9933448,0.9416755318641662,0.3333333333333333
183,0.5021989,0.5021988749504089,1.0
184,0.93815964,0.9201703727245331,0.5102040816326531
185,0.0030734842,0.003073484171181917,1.0
186,0.011829492,0.011829491704702377,1.0
187,0.8921292,0.8921291828155518,1.0
188,0.99111515,0.9221957147121429,0.7315976331360947
189,0.00048297513,0.0004829751269426197,1.0
190,0.8719926,0.8719925880432129,1.0
191,0.005272634,0.005272633861750364,1.0
192,0.987211,0.9359424799680709,0.5
193,0.41198567,0.4119856655597687,1.0
194,0.9927835,0.94540776014328,0.5
196,0.92298895,0.9185833036899567,0.9728395061728395
197,0.99817765,0.9474623769521713,0.5114784205693297
198,0.0060706404,0.006070640403777361,1.0
199,0.0009460738,0.0009460737928748131,1.0
200,0.99626017,0.9459370851516723,0.22404844290657439
201,0.19435655,0.1943565458059311,1.0
202,0.9845281,0.9378999859094619,0.5295857988165681
203,0.004640371,0.004640371073037386,1.0
204,0.0039726878,0.003972687758505344,1.0
205,0.9950471,0.9438587993383407,0.371900826446281
206,0.6421458,0.6421458125114441,1.0
207,0.1677151,0.16771510243415833,1.0
208,0.29681924,0.2968192398548126,1.0
209,0.9980769,0.9345652043819427,0.42359375
210,0.9364655,0.933513405919075,0.92
211,0.9985372,0.9122543364763259,0.359375
212,0.28876635,0.28876635432243347,1.0
213,0.92375404,0.917154386639595,0.967263674197384
214,0.00232423,0.0023242300376296043,1.0
215,0.00076345593,0.0007634559297002852,1.0
216,0.9904613,0.94498653113842,0.625
217,0.0013723068,0.001372306840494275,1.0
218,0.99905366,0.9379383206367492,0.36168639053254437
219,0.99860495,0.9386567145586013,0.041661635068228474
220,0.52683336,0.5268333554267883,1.0
221,0.5377451,0.5377451181411743,1.0
222,0.1674231,0.1674230992794037,1.0
223,0.99639595,0.938735195994377,0.4620160701241782
224,0.96068597,0.9424417734146118,0.7312
225,0.00052863435,0.0005286343512125313,1.0
226,0.11776609,0.11776608973741531,1.0
227,0.99790955,0.9376475542783737,0.25925925925925924
228,0.6356813,0.6356812715530396,1.0
229,0.9867543,0.9391821891069412,0.52
230,0.975625,0.9373455196619034,0.5918367346938775
231,0.14530864,0.14530864357948303,1.0
232,0.25663716,0.2566371560096741,1.0
233,0.44280577,0.44280576705932617,1.0
234,0.0056119147,0.005611914675682783,1.0
235,0.8363452,0.8363451957702637,1.0
236,0.6018953,0.601895272731781,1.0
237,0.67279553,0.6727955341339111,1.0
239,0.9863412,0.9406487613916397,0.4488888888888889
240,0.93779653,0.9377965331077576,1.0
241,0.0062506623,0.006250662263482809,1.0
242,0.9614106,0.9298541665077209,0.625
243,0.7350064,0.7350063920021057,1.0
244,0.9895248,0.9380358844995498,0.25
245,0.0051716547,0.005171654745936394,1.0
246,0.29250458,0.29250457882881165,1.0
247,0.98614836,0.9316923081874847,0.9131422800151496
248,0.48136592,0.4813659191131592,1.0
249,0.0038548452,0.0038548451848328114,1.0
250,0.14475785,0.14475785195827484,1.0
251,0.36317968,0.36317968368530273,1.0
252,0.996836,0.9413221389055252,0.28
253,0.010473052,0.01047305203974247,1.0
254,0.7693008,0.7693008184432983,1.0
255,0.99054956,0.9423806756734847,0.21893491124260356
256,0.996337,0.9366159707307815,0.2916666666666667
257,0.018041888,0.018041888251900673,1.0
258,0.07041767,0.07041767239570618,1.0
259,0.49891695,0.49891695380210876,1.0
260,0.98135555,0.936167562007904,0.4305555555555556
261,0.9906623,0.9311873883008956,0.4102079395085066
262,0.9977082,0.936167562007904,0.1536
263,0.9938224,0.9386144161224365,0.34375
264,0.4983555,0.498355507850647,1.0
265,0.9919196,0.9386144161224365,0.5
266,0.007704785,0.007704785093665123,1.0
267,0.9953592,0.9325503945350646,0.25925925925925924
268,0.9905377,0.9365853935480117,0.14878892733564014
269,0.09480997,0.09480997174978256,1.0
270,0.00075287034,0.0007528703426942229,1.0
271,0.64962167,0.6496216654777527,1.0
272,0.6406655,0.6406654715538025,1.0
273,0.99108845,0.9441291809082031,0.4556213017751479
274,0.007203842,0.007203842047601938,1.0
275,0.9359975,0.9325592279434204,0.6694214876033058
276,0.021134594,0.021134594455361366,1.0
277,0.004819591,0.00481959106400609,1.0
278,0.983015,0.9261975884437561,0.5078125
279,0.001726718,0.0017267180373892188,1.0
280,0.0064199395,0.0064199394546449184,1.0
281,0.9974763,0.9116222947835921,0.3956602031394275
282,0.014364124,0.014364124275743961,1.0
283,0.0018578352,0.0018578352173790336,1.0
284,0.98103195,0.9244585394859314,0.5
285,0.0048956755,0.004895675461739302,1.0
286,0.96749264,0.9239532232284545,0.5555555555555556
287,0.009010374,0.00901037361472845,1.0
288,0.07858911,0.07858911156654358,1.0
289,0.9939115,0.9291952282190322,0.5
290,0.020869717,0.020869717001914978,1.0
291,0.38191158,0.38191157579421997,1.0
292,0.7228184,0.7228183746337891,1.0
293,0.038693234,0.03869323432445526,1.0
294,0.5605036,0.5605036020278931,1.0
295,0.86970335,0.8697033524513245,1.0
296,0.97904634,0.9154116570949554,0.10664819944598337
297,0.20561798,0.2056179791688919,1.0
298,0.9664019,0.9221957147121429,0.8116343490304709
299,0.612089,0.6120889782905579,1.0
300,0.28461748,0.28461748361587524,1.0
301,0.4089904,0.40899041295051575,1.0
302,0.9942595,0.9435011595487595,0.2727272727272727
303,0.013585638,0.013585638254880905,1.0
304,0.99206,0.9433457821607589,0.9355555555555556
305,0.99648815,0.8245462357997894,0.23875432525951557
306,0.19820325,0.19820325076580048,1.0
307,0.00554624,0.005546240136027336,1.0
308,0.9989671,0.9443613409996032,0.26040428061831156
309,0.99116164,0.9415542423725127,0.5555555555555556
310,0.053829152,0.05382915213704109,1.0
311,0.43224066,0.43224066495895386,1.0
312,0.639969,0.639968991279602,1.0
313,0.5104927,0.5104926824569702,1.0
314,0.99803936,0.9386062055826186,0.18738845925044617
315,0.9923149,0.9409573644399643,0.3769322235434007
316,0.5598432,0.5598431825637817,1.0
317,0.9961355,0.9459370851516723,0.3356401384083045
318,0.35971802,0.3597180247306824,1.0
319,0.9976779,0.8245462357997894,0.2896
320,0.007868207,0.007868207059800625,1.0
321,0.32651892,0.3265189230442047,1.0
322,0.9971069,0.9454413950443268,0.5555555555555556
323,0.60762143,0.607621431350708,1.0
324,0.29848495,0.2984849512577057,1.0
325,0.9972246,0.9360556721687316,0.5
326,0.9920577,0.9399123609066009,0.6088888888888889
327,0.99437934,0.8025270968675613,0.8555362377265274
328,0.94001895,0.9314351767301559,0.6608996539792388
329,0.973689,0.9237763851881027,0.4179115159616344
330,0.45289788,0.4528978765010834,1.0
331,0.87946314,0.8794631361961365,1.0
332,0.9251794,0.9251794219017029,1.0
333,0.9975079,0.8922817170619964,0.587167572796569
334,0.005816413,0.005816413089632988,1.0
335,0.93795663,0.9234626293182373,0.5041322314049587
336,0.6946423,0.6946423053741455,1.0
337,0.0029213072,0.0029213072266429663,1.0
338,0.013058619,0.013058618642389774,1.0
339,0.00250339,0.002503389958292246,1.0
340,0.938363,0.9383630156517029,1.0
341,0.99637604,0.933852133154869,0.4277623475425673
342,0.9926661,0.9380428493022919,0.7528395061728395
343,0.004694323,0.004694323055446148,1.0
344,0.24641266,0.24641266465187073,1.0
345,0.36940476,0.36940476298332214,1.0
346,0.99743307,0.9374521434307098,0.38
347,0.9057473,0.9057472944259644,1.0
348,0.59409076,0.5940907597541809,1.0
349,0.19304039,0.1930403858423233,1.0
350,0.99851656,0.8960155874490737,0.2901161169096167
351,0.32440925,0.32440924644470215,1.0
352,0.40052426,0.4005242586135864,1.0
353,0.5174957,0.5174956917762756,1.0
354,0.68637025,0.6863702535629272,1.0
355,0.9779738,0.9186382293701172,0.375
356,0.89015543,0.8901554346084595,1.0
357,0.38653892,0.38653892278671265,1.0
358,0.9686774,0.9151896893978119,0.9231447897264974
359,0.325226,0.3252260088920593,1.0
360,0.301212,0.30121201276779175,1.0
361,0.9633652,0.9290514588356018,0.5
362,0.39161864,0.39161863923072815,1.0
363,0.9870799,0.9305650860071182,0.8631404958677686
364,0.251853,0.25185298919677734,1.0
365,0.30161208,0.30161207914352417,1.0
366,0.30530012,0.30530011653900146,1.0
367,0.77218705,0.7721870541572571,1.0
368,0.8974128,0.8974127769470215,1.0
369,0.6129395,0.6129394769668579,1.0
370,0.99739414,0.9455344289541244,0.5
371,0.9566603,0.9456360697746277,0.5371900826446281
372,0.9607785,0.9142671644687652,0.6497933884297521
373,0.9974943,0.9366625726222991,0.21203803548671699
374,0.99702185,0.9273679584264755,0.370242214532872
375,0.020229504,0.020229503512382507,1.0
376,0.36213374,0.3621337413787842,1.0
377,0.25812477,0.25812476873397827,1.0
378,0.0003468609,0.0003468609065748751,1.0
379,0.3080418,0.3080418109893799,1.0
380,0.40525433,0.4052543342113495,1.0
381,0.4296131,0.4296131134033203,1.0
382,0.31610885,0.3161088526248932,1.0
383,0.0002365744,0.00023657440033275634,1.0
384,0.007621411,0.007621410768479109,1.0
385,0.9614165,0.942394208908081,0.7396449704142012
386,0.9995572,0.9116222947835921,0.10227099527511051
387,0.2027127,0.20271269977092743,1.0
388,0.9017094,0.9017093777656555,1.0
389,0.97513676,0.9401341587305069,0.52
390,0.47759235,0.4775923490524292,1.0
391,0.9786741,0.9365130841732024,0.8024691358024691
392,0.50314903,0.5031490325927734,1.0
394,0.060881417,0.060881417244672775,1.0
395,0.16396867,0.16396866738796234,1.0
396,0.3630303,0.3630303144454956,1.0
397,0.40537542,0.4053754210472107,1.0
398,0.9942442,0.9374391764402389,0.9431244127939434
399,0.028428735,0.028428735211491585,1.0
400,0.55331415,0.5533141493797302,1.0
401,0.015284854,0.015284853987395763,1.0
402,0.25228035,0.2522803544998169,1.0
403,0.9942877,0.9320690870285033,0.28
404,0.8460531,0.8460531234741211,1.0
405,0.9725194,0.9435312837362289,0.7551020408163265
406,0.5280899,0.5280898809432983,1.0
407,0.99614763,0.9268483728170395,0.16244543093444344
408,0.59299713,0.592997133731842,1.0
409,0.67882955,0.678829550743103,1.0
410,0.9484094,0.9261888682842254,0.5
411,0.5725244,0.5725244283676147,1.0
412,0.01681466,0.016814660280942917,1.0
413,0.9979624,0.9278043061494827,0.14967105263157895
414,0.50986344,0.5098634362220764,1.0
415,0.9584655,0.9410117805004119,0.5041322314049587
416,0.36437717,0.3643771708011627,1.0
417,0.33479077,0.33479076623916626,1.0
418,0.0063653723,0.006365372333675623,1.0
419,0.98496306,0.9280424684286117,0.8528
420,0.8430044,0.8430044054985046,1.0
421,0.06317654,0.06317654252052307,1.0
422,0.9915034,0.9154116570949554,0.9272490895662806
423,0.9792365,0.9359740197658538,0.5
424,0.9890091,0.9232661992311477,0.52
425,0.1099182,0.10991819947957993,1.0
426,0.97992045,0.9234893560409545,0.17159763313609466
427,0.008116429,0.00811642874032259,1.0
428,0.43318123,0.4331812262535095,1.0
429,0.96699286,0.9178166091442108,0.5
430,0.9837941,0.9254891604185104,0.1634349030470914
431,0.9836676,0.915688607096672,0.2482422931314224
432,0.6966828,0.6966828107833862,1.0
433,0.30787182,0.30787181854248047,1.0
434,0.99753475,0.9379675388336182,0.22448979591836735
435,0.9712949,0.9201446652412414,0.52
436,0.6025867,0.6025866866111755,1.0
437,0.97344977,0.9054831892251968,0.9118367346938776
438,0.95186454,0.9245758652687073,0.5
439,0.9690752,0.9186382293701172,0.25333333333333335
440,0.98381,0.9308146297931671,0.3333333333333333
441,0.94997746,0.9227344959974288,0.5
442,0.99242276,0.9438549488782882,0.5555555555555556
443,0.98209864,0.8186383843421936,0.0808352486674165
444,0.7536488,0.7536488175392151,1.0
445,0.6035242,0.6035242080688477,1.0
446,0.42223322,0.4222332239151001,1.0
447,0.43069088,0.4306908845901489,1.0
448,0.6480367,0.6480367183685303,1.0
449,0.006305977,0.0063059767708182335,1.0
450,0.0009044862,0.0009044862235896289,1.0
451,0.9919933,0.9175290137529373,0.3333333333333333
452,0.7972683,0.797268271446228,1.0
453,0.6853183,0.6853182911872864,1.0
454,0.14658804,0.1465880423784256,1.0
455,0.9405711,0.9217220515012741,0.5
456,0.9110988,0.9110987782478333,1.0
457,0.006198929,0.0061989291571080685,1.0
458,0.5962594,0.5962594151496887,1.0
459,0.1351527,0.1351526975631714,1.0
460,0.92796147,0.9279614686965942,1.0
461,0.6483333,0.6483333110809326,1.0
462,0.9946755,0.9447115629911422,0.15789473684210525
463,0.016888045,0.016888044774532318,1.0
1105,0.58687973,0.5868797302246094,1.0
1106,0.31457192,0.31457191705703735,1.0
947,0.35193944,0.35193943977355957,1.0
1107,0.0010673394,0.0010673394426703453,1.0
1145,0.3958209,0.39582088589668274,1.0
1199,0.43722942,0.4372294247150421,1.0
1794,0.4430138,0.4430137872695923,1.0
540,0.2079285,0.20792849361896515,1.0
1079,0.4793937,0.47939369082450867,1.0
1109,0.0024285715,0.0024285714607685804,1.0
467,0.37732378,0.37732377648353577,1.0
1571,0.5920513,0.5920513272285461,1.0
1635,0.3873056,0.3873055875301361,1.0
1852,0.59344506,0.5934450626373291,1.0
1118,0.005995905,0.00599590502679348,1.0
1838,0.33225095,0.3322509527206421,1.0
1110,0.0062548867,0.006254886742681265,1.0
470,0.012629652,0.01262965239584446,1.0
471,0.012571359,0.012571359053254128,1.0
469,0.37881875,0.3788187503814697,1.0
1111,0.23933649,0.23933649063110352,1.0
1112,0.52478135,0.524781346321106,1.0
1113,0.39670658,0.39670658111572266,1.0
1114,0.13089006,0.13089005649089813,1.0
1115,0.5,0.5,1.0
1116,0.36507937,0.3650793731212616,1.0
1117,0.17335059,0.17335058748722076,1.0
1121,0.6792691,0.6792690753936768,1.0
1123,0.0885214,0.08852139860391617,1.0
1124,0.07932875,0.079328753054142,1.0
1125,0.22,0.2199999988079071,1.0
1128,0.17726398,0.17726397514343262,1.0
1129,0.26827928,0.2682792842388153,1.0
1131,0.0076086954,0.007608695421367884,1.0
1132,0.23559321,0.23559321463108063,1.0
1133,0.00466563,0.00466562993824482,1.0
1148,0.5847273,0.5847272872924805,1.0
1461,0.41219157,0.41219156980514526,1.0
1560,0.38483277,0.3848327696323395,1.0
1572,0.46254545,0.4625454545021057,1.0
1573,0.33803988,0.3380398750305176,1.0
1575,0.30695444,0.30695444345474243,1.0
1030,0.04109589,0.04109589010477066,1.0
1438,0.023280092,0.02328009158372879,1.0
1683,0.47705576,0.47705575823783875,1.0
1027,0.4800668,0.48006680607795715,1.0
1191,0.35736996,0.35736995935440063,1.0
1733,0.02213667,0.022136669605970383,1.0
988,0.011296396,0.011296396143734455,1.0
521,0.0071399705,0.007139970548450947,1.0
1398,0.21627516,0.216275155544281,1.0
1370,0.24565972,0.2456597238779068,1.0
1134,0.30825242,0.3082524240016937,1.0
1386,0.22505091,0.2250509113073349,1.0
1136,0.13623978,0.13623978197574615,1.0
1140,0.0023724793,0.002372479299083352,1.0
619,0.5527429,0.5527428984642029,1.0
623,0.5976469,0.5976468920707703,1.0
700,0.4641788,0.46417880058288574,1.0
1175,0.44744584,0.4474458396434784,1.0
1803,0.0696767,0.06967669725418091,1.0
476,0.34073246,0.3407324552536011,1.0
686,0.3008765,0.3008764982223511,1.0
1474,0.60699534,0.6069953441619873,1.0
1900,0.40932602,0.4093260169029236,1.0
1003,0.46645188,0.46645188331604004,1.0
1371,0.25009754,0.2500975430011749,1.0
480,0.4133103,0.41331028938293457,1.0
482,0.70236814,0.7023681402206421,1.0
483,0.23561431,0.23561431467533112,1.0
485,0.11958875,0.11958874762058258,1.0
1565,0.4,0.4,0.5555555555555556
1719,0.58088696,0.580886960029602,1.0
1885,0.42190015,0.4219001531600952,1.0
1029,0.64772534,0.6477253437042236,1.0
1146,0.26961666,0.26961666345596313,1.0
1507,0.31771094,0.3177109360694885,1.0
489,0.65222996,0.6522299647331238,1.0
706,0.0076923077,0.007692307699471712,1.0
1716,0.50396657,0.5039665699005127,1.0
1717,0.8660918,0.866091787815094,1.0
611,0.0074618794,0.007461879402399063,1.0
636,0.44918007,0.44918006658554077,1.0
829,0.57459503,0.574595034122467,1.0
492,0.7657359,0.765735924243927,1.0
493,0.026791276,0.026791276410222054,1.0
495,0.2679204,0.2679204046726227,1.0
1442,0.43071076,0.4307107627391815,1.0
1450,0.01943109,0.019431089982390404,1.0
1881,0.4839636,0.48396360874176025,1.0
494,0.33827025,0.33827024698257446,1.0
1583,0.006045949,0.006045949179679155,1.0
1229,0.26512167,0.2651216685771942,1.0
498,0.00048812234,0.00048812234308570623,1.0
499,0.5355425,0.5355424880981445,1.0
500,0.45514676,0.45514675974845886,1.0
1365,0.6666124,0.6666123867034912,1.0
1366,0.5874389,0.5874388813972473,1.0
1367,0.6762464,0.6762464046478271,1.0
1401,0.26797244,0.2679724395275116,1.0
1506,0.0023094688,0.0023094688076525927,1.0
1561,0.51806384,0.5180638432502747,1.0
1562,0.3109186,0.3109185993671417,1.0
1789,0.15806602,0.1580660194158554,1.0
1727,0.42754892,0.42754891514778137,1.0
501,0.008465609,0.008465608581900597,1.0
855,0.41984564,0.4198456406593323,1.0
627,0.009786209,0.009786209091544151,1.0
503,0.6858578,0.6858577728271484,1.0
1414,0.0016078402,0.0016078401822596788,1.0
755,0.009228375,0.009228374809026718,1.0
505,0.7,0.7,0.9081632653061225
506,0.9701105,0.9260230720043182,0.5006858710562414
507,0.7276573,0.7276573181152344,1.0
508,0.7333574,0.7333574295043945,1.0
509,0.63154197,0.6315419673919678,1.0
510,0.5727827,0.5727826952934265,1.0
728,0.00043782836,0.0004378283629193902,1.0
1329,0.63752913,0.6375291347503662,1.0
1691,0.3293147,0.3293147087097168,1.0
1840,0.24931921,0.24931921064853668,1.0
1709,0.02257484,0.022574840113520622,1.0
1153,0.39867786,0.39867785573005676,1.0
1325,0.42669845,0.4266984462738037,1.0
511,0.858418,0.8584179878234863,1.0
512,0.24277043,0.24277043342590332,1.0
751,0.0007788162,0.0007788161747157574,1.0
1058,0.5214201,0.5214201211929321,1.0
1260,0.40611354,0.40611353516578674,1.0
1261,0.56129366,0.5612936615943909,1.0
1284,0.009620524,0.009620524011552334,1.0
1483,0.6920719,0.6920719146728516,1.0
1662,0.35357493,0.3535749316215515,1.0
1701,0.08320951,0.08320950716733932,1.0
1861,0.518217,0.5182170271873474,1.0
1459,0.009449071,0.009449071250855923,1.0
1387,0.44396177,0.4439617693424225,1.0
1774,0.3820096,0.3820095956325531,1.0
941,0.56311464,0.5631146430969238,1.0
473,0.33131275,0.33131274580955505,1.0
1238,0.45116532,0.4511653184890747,1.0
1338,0.64545816,0.6454581618309021,1.0
1412,0.28553176,0.28553175926208496,1.0
515,0.04637097,0.0463709682226181,1.0
516,0.0037292817,0.0037292817141860723,1.0
1427,0.019126425,0.019126424565911293,1.0
1470,0.4963965,0.4963965117931366,1.0
1540,0.046411805,0.04641180485486984,1.0
1541,0.0012152309,0.001215230906382203,1.0
1542,0.0,0.0,0.02857142857142857
1664,0.030351225,0.030186916701495647,0.875
1665,0.02,0.02,0.52
519,0.007444169,0.007444168906658888,1.0
1256,0.0010121458,0.0010121457744389772,1.0
1663,0.0037902717,0.0037902717012912035,1.0
1694,0.28450888,0.2845088839530945,1.0
1749,0.0011525163,0.0011525163426995277,1.0
1755,0.007688229,0.007688228972256184,1.0
913,0.27644527,0.27644526958465576,1.0
1648,0.5117788,0.5117787718772888,1.0
1855,0.3529357,0.35293570160865784,1.0
529,0.45972264,0.459722638130188,1.0
1340,0.5035405,0.5035405158996582,1.0
1498,0.009352787,0.009352787397801876,1.0
592,0.24450299,0.244502991437912,1.0
1566,0.6341692,0.6341692209243774,1.0
537,0.37016353,0.37016353011131287,1.0
538,0.30690244,0.3069024384021759,1.0
1533,0.6328302,0.6328302025794983,1.0
1642,0.23296158,0.23296158015727997,1.0
1868,0.3281665,0.32816651463508606,1.0
545,0.80393785,0.8039378523826599,1.0
1518,0.55093855,0.5509385466575623,1.0
472,0.46325824,0.4632582366466522,1.0
546,0.55836576,0.5583657622337341,1.0
551,0.8,0.8,0.1883656509695291
553,0.009447525,0.009447525255382061,1.0
554,0.0033364473,0.0033364472910761833,1.0
555,0.0,0.0,0.03571428571428571
556,0.90746164,0.8917026191949844,0.673469387755102
557,0.0,0.0,0.00909090909090909
778,0.3998835,0.399883508682251,1.0
796,0.88428885,0.8842888474464417,1.0
1135,0.6,0.6,0.5
1138,0.30727082,0.3072708249092102,1.0
1158,0.8,0.8,0.5
1251,0.005766369,0.0057663689367473125,1.0
1253,0.51439506,0.5143950581550598,1.0
1302,0.5188015,0.5188015103340149,1.0
1361,0.22060196,0.22060196101665497,1.0
1395,0.35048825,0.35048824548721313,1.0
1447,0.4206562,0.4206562042236328,1.0
1448,0.37973467,0.37973466515541077,1.0
1530,0.0,0.0,0.041666666666666664
1531,0.29230294,0.2923029363155365,1.0
1603,0.091397285,0.09139728546142578,1.0
1611,0.11558129,0.11558128893375397,1.0
1651,0.19972888,0.19972887635231018,1.0
1652,0.014573089,0.014573088847100735,1.0
1672,0.26103586,0.26103585958480835,1.0
1685,0.7118007,0.7118006944656372,1.0
1762,0.0,0.0,0.037037037037037035
1763,0.22244248,0.22244247794151306,1.0
1764,0.0033769954,0.0033769954461604357,1.0
1798,0.0028799144,0.0028799143619835377,1.0
1853,0.24791409,0.24791409075260162,1.0
1161,0.015068493,0.015068492852151394,1.0
1162,0.002545609,0.0025456089060753584,1.0
1169,0.004160666,0.004160665906965733,1.0
1186,0.37623763,0.3762376308441162,1.0
1673,0.2114579,0.21145789325237274,1.0
740,0.64289635,0.6428963541984558,1.0
791,0.18425106,0.18425105512142181,1.0
792,0.3474238,0.347423791885376,1.0
911,0.61247945,0.6124794483184814,1.0
919,0.22950974,0.22950974106788635,1.0
550,0.45568824,0.4556882381439209,1.0
524,0.033665657,0.03366565704345703,1.0
687,0.0005545082,0.0005545081803575158,1.0
1166,0.2524214,0.25242140889167786,1.0
1682,0.67622817,0.6762281656265259,1.0
1167,0.598002,0.598002016544342,1.0
789,0.57524663,0.5752466320991516,1.0
967,0.7485599,0.7485598921775818,1.0
976,0.6238455,0.6238455176353455,1.0
990,0.39845973,0.3984597325325012,1.0
993,0.013839891,0.01383989118039608,1.0
1722,0.004177982,0.004177981987595558,1.0
1743,0.66589826,0.6658982634544373,1.0
1744,0.0043541365,0.0043541365303099155,1.0
1819,0.5931716,0.5931715965270996,1.0
1864,0.015451342,0.0154513418674469,1.0
1168,0.0076793605,0.007679360453039408,1.0
558,0.20610027,0.20610027015209198,1.0
560,0.4098207,0.40982070565223694,1.0
561,0.725948,0.7259479761123657,1.0
563,0.66068995,0.6606899499893188,1.0
564,0.6014387,0.6014387011528015,1.0
1216,0.5787857,0.5787857174873352,1.0
1535,0.46175593,0.4617559313774109,1.0
1653,0.16730572,0.16730572283267975,1.0
1812,0.56167746,0.5616774559020996,1.0
1814,0.12149028,0.12149027734994888,1.0
1815,0.0067781294,0.006778129376471043,1.0
1816,0.4098665,0.4098665118217468,1.0
1817,0.3734062,0.37340620160102844,1.0
761,0.4764421,0.4764420986175537,1.0
726,0.46532553,0.4653255343437195,1.0
1108,0.020858165,0.020858164876699448,1.0
1581,0.4300752,0.43007519841194153,1.0
1880,0.009029843,0.009029842913150787,1.0
1898,0.0068896404,0.006889640353620052,1.0
757,0.006437768,0.00643776822835207,1.0
1171,0.0070178905,0.007017890457063913,1.0
566,0.21330988,0.2133098840713501,1.0
569,0.9270978,0.9212276637554169,0.9111111111111111
1173,0.35563973,0.3556397259235382,1.0
1426,0.01045947,0.010459469631314278,1.0
572,0.6800042,0.6800041794776917,1.0
942,0.59194356,0.5919435620307922,1.0
1240,0.22000408,0.22000408172607422,1.0
1252,0.05886056,0.05886055901646614,1.0
1389,0.43634656,0.43634656071662903,1.0
1536,0.741248,0.7412480115890503,1.0
1643,0.0048148762,0.004814876243472099,1.0
1174,0.8020897,0.8020896911621094,1.0
575,0.80486125,0.8048612475395203,1.0
818,0.007484871,0.007484870962798595,1.0
1537,0.8663273,0.8260869294404983,0.5555555555555556
1732,0.6087173,0.6087173223495483,1.0
1224,0.12763001,0.12763001024723053,1.0
523,0.45460263,0.4546026289463043,1.0
945,0.51274985,0.5127498507499695,1.0
1695,0.36277643,0.36277642846107483,1.0
1847,0.43141645,0.43141645193099976,1.0
1188,0.5115272,0.5115271806716919,1.0
466,0.03961839,0.039618391543626785,1.0
1019,0.03910483,0.03910483047366142,1.0
1826,0.40874934,0.4087493419647217,1.0
583,0.03692356,0.03692356124520302,1.0
682,0.12754644,0.12754644453525543,1.0
807,0.46983537,0.4698353707790375,1.0
580,0.2949492,0.2949492037296295,1.0
1471,0.0016273393,0.0016273392830044031,1.0
865,0.6630165,0.6630164980888367,1.0
1465,0.13575482,0.13575482368469238,1.0
640,0.032061238,0.03206123784184456,1.0
1221,0.004270463,0.0042704627849161625,1.0
581,0.15282977,0.15282976627349854,1.0
582,0.033568215,0.03356821462512016,1.0
584,0.5673296,0.5673295855522156,1.0
1656,0.0021777004,0.002177700400352478,1.0
1657,0.5406583,0.5406582951545715,1.0
1758,0.5857047,0.5857046842575073,1.0
1876,0.38668403,0.38668403029441833,1.0
926,0.38234165,0.3823416531085968,1.0
1004,0.4151515,0.4151515066623688,1.0
1142,0.003991403,0.00399140315130353,1.0
585,0.64285123,0.6428512334823608,1.0
1326,0.04420122,0.04420122131705284,1.0
1821,0.4975775,0.4975774884223938,1.0
589,0.07452556,0.07452555745840073,1.0
590,0.093611546,0.09361154586076736,1.0
591,0.86924297,0.8692429661750793,1.0
1331,0.1307412,0.1307411938905716,1.0
1332,0.16707522,0.16707521677017212,1.0
1333,0.0020187455,0.0020187455229461193,1.0
1429,0.066470265,0.06647026538848877,1.0
1431,0.0035098915,0.003509891452267766,1.0
1435,0.004211793,0.004211793188005686,1.0
1522,0.16980593,0.16980592906475067,1.0
1804,0.0046710265,0.004671026486903429,1.0
594,0.22060767,0.2206076681613922,1.0
593,0.00034287674,0.00034287673770450056,1.0
1184,0.5141252,0.5141252279281616,1.0
1813,0.31584677,0.3158467710018158,1.0
486,0.46862543,0.46862542629241943,1.0
487,0.5756904,0.5756903886795044,1.0
490,0.48005193,0.4800519347190857,1.0
595,0.61639285,0.6163928508758545,1.0
596,0.58874565,0.588745653629303,1.0
609,0.544722,0.5447220206260681,1.0
830,0.0005698655,0.0005698655149899423,1.0
1143,0.004184587,0.004184586927294731,1.0
1178,0.55603707,0.5560370683670044,1.0
1179,0.5376018,0.5376018285751343,1.0
1239,0.6179445,0.6179444789886475,1.0
1272,0.0051605506,0.005160550586879253,1.0
1287,0.57873386,0.5787338614463806,1.0
1316,0.5505267,0.5505266785621643,1.0
1317,0.30686393,0.306863933801651,1.0
1334,0.61881775,0.6188177466392517,1.0
1419,0.39519462,0.3951946198940277,1.0
1524,0.49215585,0.49215584993362427,1.0
1702,0.048084665,0.04808466508984566,1.0
1703,0.0022182171,0.002218217123299837,1.0
1704,0.008764242,0.008764241822063923,1.0
1705,0.014027149,0.01402714941650629,1.0
1706,0.005298715,0.0052987150847911835,1.0
1707,0.008017016,0.008017015643417835,1.0
1818,0.63880575,0.6388057470321655,1.0
1831,0.6525238,0.6525238156318665,1.0
1832,0.5375369,0.5375369191169739,1.0
1833,0.4360376,0.4360376000404358,1.0
597,0.95658773,0.9441107213497162,0.8347107438016529
931,0.6112057,0.6112056970596313,1.0
513,0.6447668,0.6447668075561523,1.0
598,0.2099478,0.20994779467582703,1.0
599,0.4900645,0.49006450176239014,1.0
600,0.5688817,0.5688816905021667,1.0
601,0.55783546,0.5578354597091675,1.0
602,0.6688838,0.6558090537786484,0.5
603,0.61114645,0.6111464500427246,1.0
1335,0.16830675,0.16830675303936005,1.0
1262,0.46475163,0.46475163102149963,1.0
935,0.5796024,0.5796024203300476,1.0
1396,0.5262083,0.5262082815170288,1.0
535,0.5947641,0.5947641134262085,1.0
1523,0.5753025,0.5753024816513062,1.0
1526,0.022768434,0.022768434137105942,1.0
691,0.36329553,0.3632955253124237,1.0
727,0.6034646,0.6034646034240723,1.0
785,0.5059418,0.5059418082237244,1.0
928,0.0026438886,0.002643888583406806,1.0
1195,0.43158725,0.43158724904060364,1.0
1634,0.5367263,0.5367262959480286,1.0
605,0.90902114,0.9090211391448975,1.0
504,0.29596853,0.29596853256225586,1.0
1127,0.18476357,0.184763565659523,1.0
606,0.35,0.35,0.872511967750063
607,0.17044818,0.1704481840133667,1.0
608,0.024461482,0.02446148172020912,1.0
764,0.18960674,0.18960674107074738,1.0
1257,0.022669706,0.022669706493616104,1.0
1439,0.0010700909,0.001070090918801725,1.0
1637,0.21955045,0.21955044567584991,1.0
820,0.5955998,0.5955997705459595,1.0
1336,0.16934296,0.16934296488761902,1.0
1514,0.012114686,0.012114685960114002,1.0
610,0.52934337,0.5293433666229248,1.0
1485,0.00447669,0.004476690199226141,1.0
1492,0.28044233,0.28044232726097107,1.0
612,0.42915037,0.42915037274360657,1.0
1024,0.62050754,0.620507538318634,1.0
1198,0.37785614,0.37785613536834717,1.0
1677,0.42015857,0.4201585650444031,1.0
613,0.6616403,0.6616402864456177,1.0
614,0.5145901,0.5145900845527649,1.0
902,0.77339524,0.7733952403068542,1.0
571,0.4007337,0.40073370933532715,1.0
616,0.31670195,0.3167019486427307,1.0
617,0.5007955,0.5007954835891724,1.0
1156,0.013566653,0.013566653244197369,1.0
1233,0.30766425,0.30766424536705017,1.0
1778,0.40860775,0.40860775113105774,1.0
1298,0.0038219425,0.003821942489594221,1.0
1687,0.20433144,0.2043314427137375,1.0
620,0.0,0.0,0.015873015873015872
1280,0.0,0.0,0.006289308176100629
1382,0.3044115,0.30441150069236755,1.0
1456,0.79222167,0.7922216653823853,1.0
1525,0.016917905,0.01691790483891964,1.0
1857,0.0022087775,0.0022087774705141783,1.0
1494,0.35966736,0.3596673607826233,1.0
496,0.02221965,0.022219650447368622,1.0
621,0.3876567,0.38765668869018555,1.0
1126,0.53320235,0.5332023501396179,1.0
1385,0.008191277,0.008191277272999287,1.0
1696,0.0031617554,0.0031617553904652596,1.0
628,0.37531173,0.3753117322921753,1.0
1440,0.46164384,0.46164384484291077,1.0
629,0.94035167,0.9360712438821792,0.6326530612244898
1496,0.5994478,0.5994477868080139,1.0
618,0.67830503,0.6783050298690796,1.0
630,0.8461232,0.846123218536377,1.0
631,0.4691092,0.4691092073917389,1.0
1752,0.3709914,0.37099140882492065,1.0
1102,0.46896553,0.4689655303955078,1.0
634,0.83185625,0.8318562507629395,1.0
635,0.5902292,0.5902292132377625,1.0
638,0.30627716,0.30627715587615967,1.0
639,0.29363433,0.2936343252658844,1.0
1330,0.8991087,0.8991087079048157,1.0
1460,0.5571412,0.5571411848068237,1.0
1641,0.29789582,0.2978958189487457,1.0
531,0.5219907,0.5219907164573669,1.0
756,0.00029312618,0.00029312618426047266,1.0
642,0.6608898,0.6608898043632507,1.0
643,0.77709585,0.7770958542823792,1.0
773,0.28604335,0.28604334592819214,1.0
774,0.61381966,0.6138196587562561,1.0
1458,0.38462338,0.38462337851524353,1.0
1766,0.7450377,0.7450376749038696,1.0
1772,0.5470578,0.5470578074455261,1.0
644,0.0,0.0,0.07692307692307693
645,0.0,0.0,0.16666666666666666
646,0.2614373,0.2614372968673706,1.0
648,0.25810876,0.2581087648868561,1.0
1383,0.010695893,0.010695893317461014,1.0
649,0.29497683,0.2949768304824829,1.0
1869,0.7281566,0.7281566262245178,1.0
1597,0.0005256242,0.0005256242002360523,1.0
1795,0.49802276,0.49802276492118835,1.0
1797,0.25376377,0.25376376509666443,1.0
552,0.6831179,0.6831179261207581,1.0
650,0.6543031,0.6543030738830566,1.0
652,0.49666002,0.4966600239276886,1.0
653,0.14411248,0.1441124826669693,1.0
654,0.21411555,0.21411554515361786,1.0
655,0.17,0.17,0.2631578947368421
1006,0.1422793,0.14227929711341858,1.0
1150,0.029221363,0.029221363365650177,1.0
1362,0.7862237,0.7862237095832825,1.0
1546,0.57692903,0.5769290328025818,1.0
1547,0.9,0.8752072483301162,0.44214876033057854
1550,0.21572468,0.21572467684745789,1.0
1552,0.47748357,0.4774835705757141,1.0
1708,0.1877596,0.18775959312915802,1.0
1741,0.21787757,0.2178775668144226,1.0
656,0.48066297,0.4806629717350006,1.0
1151,0.16366267,0.16366267204284668,1.0
1300,0.056209784,0.056209784001111984,1.0
1183,0.0006908122,0.0006908121868036687,1.0
657,0.5894194,0.589419424533844,1.0
658,0.564929,0.5649290084838867,1.0
659,0.4825486,0.4825485944747925,1.0
660,0.5411219,0.5411219000816345,1.0
661,0.48912874,0.4891287386417389,1.0
662,0.3324686,0.33246859908103943,1.0
664,0.60305166,0.6030516624450684,1.0
665,0.6270957,0.6270956993103027,1.0
1193,0.014071721,0.014071720652282238,1.0
1268,0.012344108,0.01234410796314478,1.0
1553,0.47436866,0.4743686616420746,1.0
1848,0.0041841003,0.0041841003112494946,1.0
1201,0.96604276,0.9188278079032898,0.6094674556213018
1031,0.5650283,0.5650283098220825,1.0
1574,0.34695467,0.34695467352867126,1.0
666,0.54674244,0.5467424392700195,1.0
768,0.6263525,0.6263524889945984,1.0
1510,0.6152744,0.6152744293212891,1.0
1629,0.6326613,0.6326612830162048,1.0
1780,0.29092044,0.2909204363822937,1.0
1799,0.47017097,0.4701709747314453,1.0
497,0.62967855,0.6296785473823547,1.0
578,0.6,0.6,0.5408163265306123
667,0.4504663,0.4504663050174713,1.0
669,0.58033895,0.5803389549255371,1.0
671,0.4447985,0.4447984993457794,1.0
672,0.5265448,0.5265448093414307,1.0
675,0.5490858,0.549085795879364,1.0
676,0.69853157,0.6985315680503845,1.0
677,0.5471358,0.5471357703208923,1.0
678,0.65858173,0.6585817337036133,1.0
680,0.47796008,0.47796007990837097,1.0
681,0.00465286,0.0046528601087629795,1.0
683,0.0027977133,0.0027977132704108953,1.0
955,0.4639376,0.4639376103878021,1.0
1154,0.4847639,0.48476389050483704,1.0
1176,0.5749452,0.5749452114105225,1.0
1177,0.5466896,0.5466896295547485,1.0
1223,0.4446182,0.44461819529533386,1.0
1278,0.0015500672,0.0015500672161579132,1.0
1363,0.5795263,0.5795263051986694,1.0
1364,0.0012695312,0.0012695312034338713,1.0
1462,0.5043252,0.5043252110481262,1.0
1509,0.0088538155,0.008853815495967865,1.0
1554,0.43732247,0.4373224675655365,1.0
1555,0.54914284,0.5491428375244141,1.0
1556,0.6895281,0.6895281076431274,1.0
1557,0.033364702,0.03336470201611519,1.0
1714,0.17655604,0.1765560358762741,1.0
1768,0.33142856,0.33142855763435364,1.0
1788,0.43303895,0.43303894996643066,1.0
1877,0.7,0.7,0.52
1734,0.5708502,0.5708501935005188,1.0
1756,0.68577874,0.6857787370681763,1.0
488,0.92015254,0.9201525449752808,1.0
1207,0.1421848,0.1421847939491272,1.0
937,0.00056264066,0.0005626406637020409,1.0
940,0.16981132,0.16981132328510284,1.0
1152,0.23863925,0.2386392503976822,1.0
1208,0.5909497,0.5909497141838074,1.0
1513,0.012923077,0.012923076748847961,1.0
1493,0.0027104723,0.0027104723267257214,1.0
1777,0.00048212134,0.00048212133697234094,1.0
525,0.42318386,0.4231838583946228,1.0
1209,0.00022031284,0.00022031283879186958,1.0
1210,0.37416422,0.3741642236709595,1.0
1529,0.019253073,0.019253073260188103,1.0
684,0.5021989,0.5021988749504089,1.0
1466,0.5116211,0.5116211175918579,1.0
1761,0.38595757,0.3859575688838959,1.0
647,0.0030734842,0.003073484171181917,1.0
1212,0.011829492,0.011829491704702377,1.0
689,0.36776364,0.3677636384963989,1.0
690,0.07881644,0.07881644368171692,1.0
692,0.69698364,0.6969836354255676,1.0
693,0.7128954,0.712895393371582,1.0
695,0.7898983,0.7898982763290405,1.0
701,0.6636543,0.6636543273925781,1.0
1613,0.23679061,0.23679061233997345,1.0
1282,0.00048297513,0.0004829751269426197,1.0
475,0.8719926,0.8719925880432129,1.0
1074,0.005272634,0.005272633861750364,1.0
844,0.588151,0.5881509780883789,1.0
1285,0.009030544,0.009030544199049473,1.0
704,0.41198567,0.4119856655597687,1.0
1217,0.0021971362,0.0021971361711621284,1.0
1292,0.0333811,0.03338110074400902,1.0
478,0.0017521504,0.0017521503614261746,1.0
479,0.6448125,0.6448125243186951,1.0
986,0.27489734,0.27489733695983887,1.0
1527,0.6539554,0.6539553999900818,1.0
1528,0.32584646,0.32584646344184875,1.0
1747,0.2983168,0.2983168065547943,1.0
1792,0.0,0.0,0.04
708,0.34137657,0.34137657284736633,1.0
749,0.52646637,0.5264663696289062,1.0
709,0.0060706404,0.006070640403777361,1.0
1785,0.0009460738,0.0009460737928748131,1.0
539,0.014,0.014000000432133675,1.0
541,0.14192903,0.141929030418396,1.0
542,0.8256517,0.8256517052650452,1.0
710,0.21773328,0.21773327887058258,1.0
720,0.3115225,0.311522513628006,1.0
721,0.086906806,0.0869068056344986,1.0
1388,0.01257229,0.012572290375828743,1.0
1576,0.028731199,0.028731198981404305,1.0
1579,0.09824096,0.09824095666408539,1.0
1639,0.21300578,0.21300578117370605,1.0
1720,0.38588357,0.3858835697174072,1.0
1810,0.006265664,0.006265664007514715,1.0
1863,0.6479401,0.6479400992393494,1.0
1888,0.042357273,0.042357273399829865,1.0
711,0.19435655,0.1943565458059311,1.0
514,0.23107049,0.23107048869132996,1.0
713,0.21307038,0.21307037770748138,1.0
714,0.044067796,0.04406779631972313,1.0
715,0.11603116,0.11603116244077682,1.0
718,0.020808324,0.020808324217796326,1.0
719,0.29312763,0.2931276261806488,1.0
804,0.2678822,0.26788219809532166,1.0
805,0.11766903,0.11766903102397919,1.0
806,0.17399545,0.17399545013904572,1.0
1082,0.099027105,0.0990271046757698,1.0
1245,0.0012738854,0.0012738853693008423,1.0
1247,0.00042753314,0.00042753314482979476,1.0
1248,0.17470355,0.17470355331897736,1.0
1674,0.004640371,0.004640371073037386,1.0
1222,0.0039726878,0.003972687758505344,1.0
1543,0.66933334,0.6693333387374878,1.0
1773,0.5332734,0.5332733988761902,1.0
1786,0.42179462,0.4217946231365204,1.0
1874,0.6421458,0.6421458125114441,1.0
1545,0.1677151,0.16771510243415833,1.0
1226,0.29681924,0.2968192398548126,1.0
722,0.56587404,0.5658740401268005,1.0
991,0.43035862,0.4303586184978485,1.0
992,0.09357006,0.09357006102800369,1.0
994,0.18169643,0.18169642984867096,1.0
996,0.14727272,0.1472727209329605,1.0
1425,0.24386252,0.24386252462863922,1.0
781,0.37737116,0.3773711621761322,1.0
1551,0.64212286,0.6421228647232056,1.0
1750,0.16198182,0.16198182106018066,1.0
723,0.9281158,0.9154892325401306,0.9325281132861308
724,0.5487267,0.5487266778945923,1.0
725,0.5420868,0.5420867800712585,1.0
765,0.55781853,0.5578185319900513,1.0
1144,0.41049987,0.4104998707771301,1.0
1159,0.0018044794,0.0018044793978333473,1.0
1185,0.045134913,0.04513491317629814,1.0
1236,0.0064618927,0.006461892742663622,1.0
1341,0.4515072,0.45150721073150635,1.0
1344,0.6765673,0.6765673160552979,1.0
1558,0.33353612,0.3335361182689667,1.0
1559,0.44843122,0.44843122363090515,1.0
1636,0.53846157,0.5384615659713745,1.0
1735,0.39775714,0.3977571427822113,1.0
1805,0.72417957,0.7241795659065247,1.0
1870,0.0076595745,0.007659574504941702,1.0
1899,0.006593964,0.00659396406263113,1.0
1730,0.28876635,0.28876635432243347,1.0
872,0.08821443,0.08821442723274231,1.0
1424,0.5995964,0.599596381187439,1.0
1895,0.00232423,0.0023242300376296043,1.0
615,0.00076345593,0.0007634559297002852,1.0
729,0.613609,0.6136090159416199,1.0
1164,0.56402695,0.564026951789856,1.0
730,0.0013723068,0.001372306840494275,1.0
685,0.23016793,0.2301679253578186,1.0
732,0.38142827,0.3814282715320587,1.0
762,0.5372819,0.53728187084198,1.0
1306,0.015141683,0.0151416826993227,1.0
1343,0.5541777,0.5541777014732361,1.0
1346,0.31016344,0.3101634383201599,1.0
1432,0.39441425,0.3944142460823059,1.0
1433,0.41652852,0.41652852296829224,1.0
1484,0.52051765,0.5205176472663879,1.0
1491,0.3109863,0.31098631024360657,1.0
733,0.012490242,0.012490241788327694,1.0
802,0.47826087,0.47826087474823,1.0
850,0.005098789,0.005098788999021053,1.0
853,0.01055409,0.010554090142250061,1.0
856,0.51493615,0.5149361491203308,1.0
896,0.70546055,0.7054605484008789,1.0
1170,0.007440476,0.0074404762126505375,1.0
1192,0.36884257,0.36884257197380066,1.0
1232,0.5498008,0.5498008131980896,1.0
1267,0.004055808,0.0040558078326284885,1.0
1303,0.38595647,0.38595646619796753,1.0
1347,0.4977551,0.49775511026382446,1.0
1348,0.40672857,0.4067285656929016,1.0
1349,0.5890996,0.5890995860099792,1.0
1350,0.41161716,0.4116171598434448,1.0
1351,0.40075788,0.40075787901878357,1.0
1352,0.5006009,0.5006008744239807,1.0
1353,0.6534508,0.6534507870674133,1.0
1354,0.54910886,0.5491088628768921,1.0
1355,0.55574167,0.5557416677474976,1.0
1356,0.5359873,0.5359873175621033,1.0
1357,0.5630756,0.563075602054596,1.0
1358,0.5476724,0.5476723909378052,1.0
1373,0.46446335,0.46446335315704346,1.0
1423,0.011335223,0.011335222981870174,1.0
1585,0.0078125,0.0078125,1.0
1630,0.5458767,0.545876681804657,1.0
1725,0.31519234,0.3151923418045044,1.0
1825,0.5467128,0.5467128157615662,1.0
1867,0.009739438,0.009739438071846962,1.0
1893,0.0040036957,0.0040036956779658794,1.0
1862,0.52683336,0.5268333554267883,1.0
570,0.5377451,0.5377451181411743,1.0
1835,0.1674231,0.1674230992794037,1.0
734,0.4149477,0.4149476885795593,1.0
735,0.65,0.65,0.29476584022038566
737,0.5989805,0.5989804863929749,1.0
738,0.38485688,0.3848568797111511,1.0
1101,0.49644127,0.4964412748813629,1.0
491,0.2547447,0.2547447085380554,1.0
1310,0.41582882,0.4158288240432739,1.0
1231,0.00052863435,0.0005286343512125313,1.0
739,0.11776609,0.11776608973741531,1.0
731,0.20879121,0.20879121124744415,1.0
741,0.012491027,0.012491026893258095,1.0
742,0.27197376,0.27197375893592834,1.0
1190,0.012501736,0.012501736171543598,1.0
1569,0.6356813,0.6356812715530396,1.0
477,0.005024224,0.005024224054068327,1.0
1305,0.47920817,0.47920817136764526,1.0
1197,0.36952055,0.36952054500579834,1.0
1577,0.15763195,0.15763194859027863,1.0
1784,0.14530864,0.14530864357948303,1.0
1892,0.25663716,0.2566371560096741,1.0
743,0.44280577,0.44280576705932617,1.0
1710,0.0056119147,0.005611914675682783,1.0
1654,0.8363452,0.8363451957702637,1.0
1736,0.6018953,0.601895272731781,1.0
632,0.29044485,0.29044485092163086,1.0
1589,0.29362214,0.29362213611602783,1.0
712,0.3798387,0.3798387050628662,1.0
748,0.21262458,0.21262457966804504,1.0
1250,0.5810056,0.5810055732727051,1.0
840,0.02001026,0.020010260865092278,1.0
1837,0.012235294,0.012235294096171856,1.0
750,0.0062506623,0.006250662263482809,1.0
752,0.0046215556,0.004621555563062429,1.0
1751,0.004968139,0.004968138877302408,1.0
1790,0.586351,0.5863509774208069,1.0
703,0.7350064,0.7350063920021057,1.0
1420,0.36110225,0.36110225319862366,1.0
1454,0.0017385806,0.0017385806422680616,1.0
1767,0.6090347,0.6090347170829773,1.0
1854,0.4279988,0.427998811006546,1.0
1246,0.0051716547,0.005171654745936394,1.0
758,0.29250458,0.29250457882881165,1.0
964,0.06615184,0.06615184247493744,1.0
965,0.62181115,0.6218111515045166,1.0
1279,0.49151623,0.49151623249053955,1.0
1878,0.15510863,0.15510863065719604,1.0
1858,0.48136592,0.4813659191131592,1.0
1587,0.0038548452,0.0038548451848328114,1.0
1399,0.14475785,0.14475785195827484,1.0
1265,0.36317968,0.36317968368530273,1.0
763,0.6089082,0.6089081764221191,1.0
1368,0.48052675,0.48052674531936646,1.0
1369,0.6057828,0.6057828068733215,1.0
1650,0.35367233,0.3536723256111145,1.0
1616,0.010473052,0.01047305203974247,1.0
884,0.7693008,0.7693008184432983,1.0
973,0.82963127,0.8296312689781189,1.0
975,0.0055813952,0.005581395234912634,1.0
1130,0.0047854786,0.004785478580743074,1.0
1668,0.009080403,0.009080402553081512,1.0
1822,0.00045289856,0.00045289855916053057,1.0
883,0.25791857,0.2579185664653778,1.0
977,0.5132203,0.5132203102111816,1.0
984,0.28398144,0.28398144245147705,1.0
1455,0.00754717,0.007547169923782349,1.0
1005,0.018041888,0.018041888251900673,1.0
1836,0.07041767,0.07041767239570618,1.0
1679,0.49891695,0.49891695380210876,1.0
622,0.0027816412,0.0027816412039101124,1.0
968,0.527548,0.5275480151176453,1.0
1318,0.37689465,0.37689465284347534,1.0
957,0.5790688,0.5790687799453735,1.0
1323,0.47520417,0.4752041697502136,1.0
1359,0.64677805,0.6467780470848083,1.0
1582,0.008068199,0.008068199269473553,1.0
1802,0.015151516,0.01515151560306549,1.0
970,0.6273916,0.6273915767669678,1.0
972,0.27937073,0.2793707251548767,1.0
981,0.5596652,0.5596652030944824,1.0
982,0.53916556,0.5391655564308167,1.0
983,0.6238338,0.6238337755203247,1.0
1075,0.006066734,0.006066733971238136,1.0
1328,0.0076687117,0.007668711710721254,1.0
1422,0.007951741,0.007951741106808186,1.0
1699,0.3576065,0.3576065003871918,1.0
1781,0.39424497,0.3942449688911438,1.0
1796,0.37452862,0.3745286166667938,1.0
1811,0.0068215732,0.006821573246270418,1.0
587,0.3397552,0.33975520730018616,1.0
979,0.19937485,0.19937485456466675,1.0
1234,0.0050983247,0.0050983247347176075,1.0
974,0.4983555,0.498355507850647,1.0
1539,0.005410723,0.0054107229225337505,1.0
1604,0.0045045046,0.0045045046135783195,1.0
779,0.007704785,0.007704785093665123,1.0
798,0.10466331,0.10466331243515015,1.0
1227,0.02571752,0.025717519223690033,1.0
1449,0.030407343,0.030407343059778214,1.0
1586,0.017706476,0.017706476151943207,1.0
958,0.50890905,0.5089090466499329,1.0
963,0.00914216,0.009142160415649414,1.0
1538,0.121665955,0.12166595458984375,1.0
1659,0.0069511803,0.006951180286705494,1.0
1660,0.52257454,0.5225745439529419,1.0
1728,0.00016420361,0.00016420360771007836,1.0
1729,0.13139978,0.13139978051185608,1.0
518,0.09480997,0.09480997174978256,1.0
1658,0.00075287034,0.0007528703426942229,1.0
1065,0.64962167,0.6496216654777527,1.0
579,0.6406655,0.6406654715538025,1.0
526,0.0051428573,0.0051428573206067085,1.0
1270,0.5451389,0.5451388955116272,1.0
1775,0.41280538,0.41280537843704224,1.0
1594,0.007203842,0.007203842047601938,1.0
1271,0.25457138,0.2545713782310486,1.0
1273,0.25,0.25,0.5918367346938775
1688,0.021134594,0.021134594455361366,1.0
769,0.004819591,0.00481959106400609,1.0
770,0.7304673,0.7304673194885254,1.0
771,0.50633186,0.5063318610191345,1.0
772,0.001726718,0.0017267180373892188,1.0
1791,0.0064199395,0.0064199394546449184,1.0
959,0.0,0.0,0.07692307692307693
966,0.0,0.0,0.02857142857142857
985,0.034006376,0.034006375819444656,1.0
1189,0.034535393,0.03453539311885834,1.0
1548,0.017126545,0.017126545310020447,1.0
1549,0.020295503,0.020295502617955208,1.0
1661,0.025870178,0.025870177894830704,1.0
1742,0.56500757,0.5650075674057007,1.0
1856,0.021457,0.021456999704241753,1.0
776,0.014364124,0.014364124275743961,1.0
1194,0.0018578352,0.0018578352173790336,1.0
1137,0.009327633,0.009327633306384087,1.0
1723,0.003125,0.0031250000465661287,1.0
674,0.0048956755,0.004895675461739302,1.0
1096,0.38446903,0.38446903228759766,1.0
1301,0.20977895,0.20977894961833954,1.0
1307,0.009010374,0.00901037361472845,1.0
1690,0.07858911,0.07858911156654358,1.0
533,0.0033174672,0.0033174671698361635,1.0
588,0.65798193,0.6579819321632385,1.0
783,0.020869717,0.020869717001914978,1.0
1809,0.38191158,0.38191157579421997,1.0
784,0.7228184,0.7228183746337891,1.0
1834,0.038693234,0.03869323432445526,1.0
1281,0.5605036,0.5605036020278931,1.0
1264,0.86970335,0.8697033524513245,1.0
1043,0.37586302,0.3758630156517029,1.0
1047,0.23915009,0.23915009200572968,1.0
1048,0.42463645,0.42463645339012146,1.0
1053,0.75587785,0.7558778524398804,1.0
1054,0.00026283512,0.0002628351212479174,1.0
1055,0.0046812613,0.004681261256337166,1.0
1056,0.37421528,0.3742152750492096,1.0
1057,0.46866444,0.4686644375324249,1.0
1059,0.0046249293,0.004624929279088974,1.0
1592,0.0019723866,0.0019723866134881973,1.0
1608,0.279893,0.27989301085472107,1.0
1618,0.009156697,0.009156697429716587,1.0
1839,0.04054272,0.04054272174835205,1.0
1172,0.20561798,0.2056179791688919,1.0
688,0.7781314,0.7781314253807068,1.0
698,0.58216757,0.5821675658226013,1.0
794,0.612089,0.6120889782905579,1.0
1288,0.28461748,0.28461748361587524,1.0
1141,0.4089904,0.40899041295051575,1.0
548,0.37058017,0.37058016657829285,1.0
744,0.2328988,0.2328988015651703,1.0
745,0.57092136,0.5709213614463806,1.0
1596,0.6345041,0.6345040798187256,1.0
1413,0.013585638,0.013585638254880905,1.0
780,0.0019365771,0.0019365771440789104,1.0
814,0.45511535,0.45511534810066223,1.0
819,0.2954471,0.29544711112976074,1.0
960,0.4105651,0.4105651080608368,1.0
978,0.4840415,0.4840415120124817,1.0
1675,0.043819312,0.04381931200623512,1.0
1721,0.5599379,0.5599378943443298,1.0
801,0.19820325,0.19820325076580048,1.0
1295,0.00554624,0.005546240136027336,1.0
803,0.0,0.0,0.034482758620689655
950,0.43869886,0.4386988580226898,1.0
1070,0.32537794,0.3253779411315918,1.0
1614,0.43398172,0.433981716632843,1.0
1820,0.053829152,0.05382915213704109,1.0
809,0.43224066,0.43224066495895386,1.0
810,0.639969,0.639968991279602,1.0
1255,0.5104927,0.5104926824569702,1.0
641,0.5403165,0.5403165221214294,1.0
760,0.009801771,0.009801770560443401,1.0
828,0.63400966,0.6340096592903137,1.0
907,0.85850316,0.8585031628608704,1.0
921,0.29908815,0.29908815026283264,1.0
1180,0.32967153,0.3296715319156647,1.0
1296,0.016517183,0.01651718281209469,1.0
1452,0.29758164,0.29758164286613464,1.0
1469,0.056898586,0.056898586452007294,1.0
1503,0.32301247,0.32301247119903564,1.0
1669,0.019475076,0.019475076347589493,1.0
799,0.3323976,0.33239760994911194,1.0
800,0.19493799,0.19493798911571503,1.0
811,0.7644492,0.7644491791725159,1.0
812,0.6223919,0.6223918795585632,1.0
1213,0.5598432,0.5598431825637817,1.0
815,0.12457421,0.1245742067694664,1.0
1304,0.008695652,0.008695651777088642,1.0
1746,0.01047443,0.0104744303971529,1.0
1827,0.46944675,0.46944674849510193,1.0
946,0.35971802,0.3597180247306824,1.0
816,0.53913045,0.539130449295044,1.0
817,0.5147808,0.5147808194160461,1.0
1181,0.22343944,0.22343944013118744,1.0
1807,0.042590432,0.04259043186903,1.0
1824,0.007868207,0.007868207059800625,1.0
821,0.32651892,0.3265189230442047,1.0
822,0.9298117,0.9298117160797119,1.0
1759,0.040870387,0.040870387107133865,1.0
825,0.60762143,0.607621431350708,1.0
826,0.29848495,0.2984849512577057,1.0
679,0.06829335,0.06829334795475006,1.0
938,0.37523532,0.37523531913757324,1.0
910,0.20684646,0.2068464607000351,1.0
1313,0.7,0.7,0.52
1678,0.0019286403,0.0019286402966827154,1.0
673,0.45772594,0.4577259421348572,1.0
832,0.7127201,0.7127200961112976,1.0
833,0.19240215,0.19240215420722961,1.0
834,0.6631258,0.6631258130073547,1.0
835,0.5566202,0.556620180606842,1.0
836,0.30348194,0.30348193645477295,1.0
837,0.4517714,0.45177140831947327,1.0
838,0.5254185,0.5254185199737549,1.0
839,0.74964565,0.7496456503868103,1.0
841,0.37648302,0.3764830231666565,1.0
842,0.66701716,0.6670171618461609,1.0
1205,0.52388936,0.5238893628120422,1.0
1315,0.16669069,0.16669069230556488,1.0
1379,0.043402504,0.04340250417590141,1.0
1515,0.1557157,0.1557157039642334,1.0
1519,0.80931306,0.8093130588531494,1.0
1520,0.3019024,0.3019024133682251,1.0
1601,0.2713019,0.27130189538002014,1.0
1765,0.06618013,0.06618013232946396,1.0
1866,0.18896113,0.18896113336086273,1.0
625,0.60699505,0.6069950461387634,1.0
1828,0.57787997,0.5778799653053284,1.0
1829,0.21432924,0.21432924270629883,1.0
1830,0.73367745,0.7336774468421936,1.0
1887,0.2975363,0.29753631353378296,1.0
549,0.35,0.35,0.2896
559,0.4546538,0.454653799533844,1.0
651,0.37995675,0.37995675206184387,1.0
1283,0.6110506,0.6110506057739258,1.0
1291,0.71364135,0.713641345500946,1.0
1293,0.7013565,0.7013564705848694,1.0
1337,0.6018546,0.6018546223640442,1.0
1400,0.28,0.28,0.94247985840292
1410,0.49955603,0.4995560348033905,1.0
1411,0.64286274,0.6428627371788025,1.0
1584,0.018839488,0.018839487805962563,1.0
1588,0.63639104,0.6363910436630249,1.0
1599,0.1910643,0.19106429815292358,1.0
1617,0.7442774,0.724275442957878,0.7098765432098766
1619,0.4230496,0.42304959893226624,1.0
1676,0.6243563,0.6243563294410706,1.0
1697,0.2545989,0.2545988857746124,1.0
1871,0.21300201,0.213002011179924,1.0
1875,0.46102634,0.4610263407230377,1.0
1689,0.45289788,0.4528978765010834,1.0
1157,0.6003241,0.6003240942955017,1.0
1319,0.52165335,0.5216533541679382,1.0
843,0.011857707,0.011857707053422928,1.0
1640,0.034735262,0.034735262393951416,1.0
663,0.024566473,0.024566473439335823,1.0
759,0.3065391,0.3065390884876251,1.0
845,0.715763,0.7157629728317261,1.0
847,0.78786504,0.7878650426864624,1.0
848,0.7294248,0.729424774646759,1.0
849,0.717268,0.7172679901123047,1.0
851,0.9323641,0.9232066869735718,0.9983396015983684
852,0.37936604,0.37936604022979736,1.0
854,0.8900073,0.8900073170661926,1.0
857,0.46876538,0.46876537799835205,1.0
858,0.38134637,0.38134637475013733,1.0
859,0.5802714,0.5802714228630066,1.0
860,0.52197605,0.5219760537147522,1.0
862,0.7728792,0.7728791832923889,1.0
863,0.75591063,0.7559106349945068,1.0
866,0.6511315,0.6511315107345581,1.0
867,0.5668758,0.5668758153915405,1.0
868,0.6565222,0.6565222144126892,1.0
869,0.0010196278,0.0010196277871727943,1.0
871,0.012395811,0.012395811267197132,1.0
873,0.38024735,0.3802473545074463,1.0
874,0.11893071,0.11893071234226227,1.0
875,0.34940153,0.3494015336036682,1.0
876,0.32574108,0.32574108242988586,1.0
952,0.04155598,0.0415559783577919,1.0
1139,0.009589378,0.009589377790689468,1.0
1275,0.5655581,0.5655580759048462,1.0
1321,0.5,0.5,0.5
1391,0.0,0.0,0.09090909090909091
1434,0.39992025,0.399920254945755,1.0
1463,0.2586494,0.25864940881729126,1.0
1476,0.4882055,0.4882054924964905,1.0
1499,0.0023299162,0.002329916227608919,1.0
1731,0.004921058,0.004921058192849159,1.0
846,0.005816413,0.005816413089632988,1.0
1845,0.93795663,0.9234626293182373,0.5041322314049587
861,0.6946423,0.6946423053741455,1.0
1884,0.0029213072,0.0029213072266429663,1.0
932,0.013058619,0.013058618642389774,1.0
1850,0.00250339,0.002503389958292246,1.0
1098,0.5684043,0.5684043169021606,1.0
1100,0.55365723,0.5536572337150574,1.0
576,0.0008366451,0.0008366450783796608,1.0
766,0.00017667844,0.00017667844076640904,1.0
795,0.0022381905,0.0022381905000656843,1.0
877,0.4697655,0.4697655141353607,1.0
878,0.7720698,0.7720698118209839,1.0
879,0.54042023,0.5404202342033386,1.0
880,0.32996485,0.32996484637260437,1.0
881,0.003526093,0.0035260929726064205,1.0
1258,0.5283641,0.5283641219139099,1.0
1259,0.0016019223,0.0016019223257899284,1.0
1444,0.237828,0.23782800137996674,1.0
1445,0.64221865,0.6422186493873596,1.0
1516,0.0016060572,0.0016060571651905775,1.0
1517,0.0018744143,0.0018744142726063728,1.0
1567,0.6826168,0.6826167702674866,1.0
1671,0.2789855,0.27898550033569336,1.0
1711,0.001557902,0.001557901967316866,1.0
1713,0.0008064516,0.000806451600510627,1.0
1800,0.0005545543,0.0005545542808249593,1.0
1896,0.0013959982,0.0013959981733933091,1.0
1897,0.0036882616,0.0036882616113871336,1.0
885,0.92138994,0.9213899374008179,1.0
887,0.7929613,0.7929612994194031,1.0
1684,0.004694323,0.004694323055446148,1.0
886,0.24641266,0.24641266465187073,1.0
888,0.36940476,0.36940476298332214,1.0
889,0.00040160643,0.0004016064340248704,1.0
890,0.009302326,0.009302325546741486,1.0
1182,0.29875988,0.2987598776817322,1.0
1644,0.30187097,0.3018709719181061,1.0
892,0.004553864,0.004553863778710365,1.0
1620,0.00028628687,0.0002862868714146316,1.0
1149,0.59409076,0.5940907597541809,1.0
893,0.19304039,0.1930403858423233,1.0
746,0.010950154,0.010950153693556786,1.0
753,0.27502528,0.27502527832984924,1.0
777,0.17691189,0.17691189050674438,1.0
790,0.32,0.32,0.5022222222222222
895,0.0,0.0,0.05
897,0.11291085,0.11291085183620453,1.0
899,0.0,0.0,0.006666666666666667
900,0.25307724,0.2530772387981415,1.0
901,0.72605324,0.7260532379150391,1.0
904,0.17599487,0.175994873046875,1.0
905,0.6089433,0.6089432835578918,1.0
906,0.35779136,0.35779136419296265,1.0
908,0.0,0.0,0.05555555555555555
912,0.798975,0.7989749908447266,1.0
914,0.5,0.5,0.5
915,0.3590682,0.35906821489334106,1.0
916,0.5317144,0.5317143797874451,1.0
917,0.31643993,0.3164399266242981,1.0
924,0.0008183306,0.0008183306199498475,1.0
925,0.42784044,0.4278404414653778,1.0
1160,0.29822755,0.29822754859924316,1.0
1214,0.38449445,0.38449445366859436,1.0
1266,0.38909918,0.3890991806983948,1.0
1308,0.19412278,0.194122776389122,1.0
1402,0.25803608,0.2580360770225525,1.0
1495,0.7180799,0.7180799245834351,1.0
1521,0.4873409,0.48734089732170105,1.0
1598,0.10703533,0.107035331428051,1.0
1610,0.4043552,0.4043551981449127,1.0
1737,0.14791176,0.14791175723075867,1.0
1754,0.60401124,0.6040112376213074,1.0
1801,0.3131223,0.31312230229377747,1.0
1889,0.23166223,0.23166222870349884,1.0
1342,0.32440925,0.32440924644470215,1.0
1748,0.40052426,0.4005242586135864,1.0
1457,0.5174957,0.5174956917762756,1.0
1595,0.68637025,0.6863702535629272,1.0
1590,0.46145502,0.46145501732826233,1.0
1602,0.2737486,0.27374860644340515,1.0
1624,0.19380787,0.19380787014961243,1.0
481,0.4344886,0.43448859453201294,1.0
1511,0.25716928,0.25716927647590637,1.0
1563,0.39134356,0.3913435637950897,1.0
1564,0.6309963,0.6309962868690491,1.0
1314,0.38653892,0.38653892278671265,1.0
1666,0.4467258,0.4467257857322693,1.0
1842,0.95487964,0.9111615419387817,0.9604122028364452
1324,0.325226,0.3252260088920593,1.0
1692,0.301212,0.30121201276779175,1.0
1345,0.0056105275,0.005610527470707893,1.0
1700,0.3947481,0.39474809169769287,1.0
1037,0.39161864,0.39161863923072815,1.0
520,0.58927435,0.5892743468284607,1.0
522,0.27033585,0.270335853099823,1.0
1036,0.55353075,0.553530752658844,1.0
1155,0.019349478,0.01934947818517685,1.0
1038,0.251853,0.25185298919677734,1.0
1823,0.30161208,0.30161207914352417,1.0
987,0.30530012,0.30530011653900146,1.0
1327,0.41442996,0.4144299626350403,1.0
1649,0.008249497,0.008249497041106224,1.0
624,0.56488144,0.564881443977356,1.0
702,0.680234,0.6767635405063629,0.9958677685950413
923,0.27941582,0.2794158160686493,1.0
1497,0.32892278,0.3289227783679962,1.0
1544,0.3120818,0.31208181381225586,1.0
1600,0.26254368,0.2625436782836914,1.0
1680,0.20334311,0.20334310829639435,1.0
1681,0.0024839006,0.002483900636434555,1.0
1846,0.6129395,0.6129394769668579,1.0
484,0.0012330456,0.0012330455938354135,1.0
1638,0.003434066,0.0034340659622102976,1.0
464,0.9566603,0.9456360697746277,0.5371900826446281
573,0.6302828,0.6302828192710876,1.0
574,0.5284399,0.5284398794174194,1.0
1394,0.37532794,0.3753279447555542,1.0
823,0.0016863407,0.0016863406635820866,1.0
927,0.44359198,0.44359198212623596,1.0
929,0.0,0.0,0.008928571428571428
930,0.5359042,0.5359042286872864,1.0
933,0.0010379904,0.001037990441545844,1.0
934,0.6562896,0.6562895774841309,1.0
936,0.24442896,0.24442896246910095,1.0
939,0.5794096,0.5794095993041992,1.0
943,0.57793117,0.5779311656951904,1.0
944,0.4102411,0.41024109721183777,1.0
949,0.0039199507,0.003919950686395168,1.0
951,0.61651134,0.616511344909668,1.0
953,0.6317929,0.6317929029464722,1.0
1119,0.0011304909,0.0011304909130558372,1.0
1120,0.019832605,0.019832605496048927,1.0
1122,0.15057035,0.150570347905159,1.0
1418,0.005607221,0.005607220809906721,1.0
1441,0.2340927,0.23409269750118256,1.0
465,0.32381803,0.32381802797317505,1.0
1104,0.5707343,0.5707343220710754,1.0
1204,0.8557648,0.8557648062705994,1.0
1593,0.20703784,0.20703783631324768,1.0
1605,0.020229504,0.020229503512382507,1.0
1851,0.36213374,0.3621337413787842,1.0
808,0.25812477,0.25812476873397827,1.0
707,0.0003468609,0.0003468609065748751,1.0
1473,0.3080418,0.3080418109893799,1.0
604,0.40525433,0.4052543342113495,1.0
1163,0.4296131,0.4296131134033203,1.0
954,0.31610885,0.3161088526248932,1.0
1859,0.0002365744,0.00023657440033275634,1.0
1782,0.007621411,0.007621410768479109,1.0
1372,0.61269635,0.6126963496208191,1.0
1384,0.32370472,0.32370471954345703,1.0
562,0.42022792,0.42022791504859924,1.0
797,0.6625132,0.6625131964683533,1.0
903,0.0050614607,0.00506146065890789,1.0
956,0.05245056,0.05245056003332138,1.0
961,0.55691457,0.5569145679473877,1.0
962,0.5442523,0.5442522764205933,1.0
969,0.31708732,0.317087322473526,1.0
971,0.5344122,0.5344122052192688,1.0
1041,0.008897362,0.008897362276911736,1.0
1225,0.46568942,0.46568942070007324,1.0
1269,0.006776904,0.006776904221624136,1.0
1297,0.894706,0.8514222770929336,0.5
1417,0.0028433325,0.002843332476913929,1.0
1609,0.0035352723,0.0035352723207324743,1.0
1646,0.26322114,0.2632211446762085,1.0
1715,0.0060336613,0.006033661309629679,1.0
1745,0.0024301338,0.002430133754387498,1.0
1753,0.5870301,0.5870301127433777,1.0
1770,0.0032592593,0.0032592592760920525,1.0
1779,0.011255411,0.011255411431193352,1.0
1879,0.0023940627,0.002394062699750066,1.0
1886,0.008178844,0.00817884411662817,1.0
1890,0.04334471,0.043344710022211075,1.0
474,0.2027127,0.20271269977092743,1.0
1276,0.52957666,0.5295766592025757,1.0
1726,0.24264571,0.24264571070671082,1.0
1215,0.3439,0.34389999508857727,1.0
1377,0.032519396,0.032519396394491196,1.0
1464,0.47759235,0.4775923490524292,1.0
948,0.3179931,0.3179931044578552,1.0
1381,0.5711718,0.5711718201637268,1.0
1718,0.3069649,0.3069649040699005,1.0
532,0.50314903,0.5031490325927734,1.0
1380,0.060881417,0.060881417244672775,1.0
989,0.16396867,0.16396866738796234,1.0
1274,0.3630303,0.3630303144454956,1.0
1865,0.40537542,0.4053754210472107,1.0
995,0.75079685,0.7507968544960022,1.0
997,0.31443638,0.3144363760948181,1.0
998,0.5938665,0.5938665270805359,1.0
999,0.75412464,0.754124641418457,1.0
1000,0.4288369,0.4288369119167328,1.0
1532,0.6516288,0.6516287922859192,1.0
1739,0.2926258,0.2926258146762848,1.0
1446,0.028428735,0.028428735211491585,1.0
1001,0.55331415,0.5533141493797302,1.0
920,0.015284854,0.015284853987395763,1.0
1002,0.25228035,0.2522803544998169,1.0
1196,0.3029837,0.30298370122909546,1.0
1408,0.4404533,0.44045329093933105,1.0
1409,0.4736891,0.47368910908699036,1.0
1612,0.21031189,0.2103118896484375,1.0
1712,0.60180354,0.6018035411834717,1.0
577,0.8460531,0.8460531234741211,1.0
517,0.018720748,0.018720747902989388,1.0
1339,0.50998586,0.5099858641624451,1.0
694,0.5280899,0.5280898809432983,1.0
565,0.0075725704,0.007572570350021124,1.0
567,0.0031239723,0.0031239723321050406,1.0
568,0.008585503,0.008585503324866295,1.0
668,0.001633542,0.001633542007766664,1.0
736,0.0020723736,0.0020723736379295588,1.0
787,0.43080974,0.43080973625183105,1.0
1007,0.48475567,0.48475566506385803,1.0
1008,0.33290553,0.33290553092956543,1.0
1009,0.37006548,0.37006548047065735,1.0
1010,0.48875543,0.4887554347515106,1.0
1011,0.64822507,0.6482250690460205,1.0
1012,0.0027711065,0.0027711065486073494,1.0
1013,0.0030115442,0.0030115442350506783,1.0
1014,0.32671311,0.32671311497688293,1.0
1015,0.0031787583,0.0031787583138793707,1.0
1016,0.0020833334,0.0020833334419876337,1.0
1017,0.0028394856,0.0028394856490194798,1.0
1018,0.7500365,0.7500364780426025,1.0
1187,0.0011051468,0.0011051468318328261,1.0
1242,0.032155477,0.03215547651052475,1.0
1277,0.0024779309,0.00247793085873127,1.0
1311,0.6736433,0.6736432909965515,1.0
1312,0.346541,0.34654098749160767,1.0
1393,0.75746053,0.7574605345726013,1.0
1407,0.005999143,0.005999142769724131,1.0
1472,0.0028662956,0.0028662956319749355,1.0
1480,0.013774567,0.013774567283689976,1.0
1481,0.002886738,0.0028867379296571016,1.0
1486,0.0034266133,0.003426613286137581,1.0
1487,0.0065141404,0.0065141404047608376,1.0
1488,0.0062045734,0.006204573437571526,1.0
1489,0.005939835,0.005939835216850042,1.0
1490,0.006790876,0.006790875922888517,1.0
1591,0.002489971,0.0024899709969758987,1.0
1872,0.0042956863,0.004295686259865761,1.0
1873,0.0032298137,0.003229813650250435,1.0
1769,0.59299713,0.592997133731842,1.0
1771,0.67882955,0.678829550743103,1.0
782,0.3425033,0.34250330924987793,1.0
1020,0.5168344,0.5168343782424927,1.0
1309,0.5725244,0.5725244283676147,1.0
1500,0.01681466,0.016814660280942917,1.0
1022,0.47897196,0.4789719581604004,1.0
1023,0.49778956,0.49778956174850464,1.0
1025,0.30235416,0.3023541569709778,1.0
1026,0.0012404749,0.001240474870428443,1.0
1028,0.04128988,0.041289880871772766,1.0
1073,0.23768054,0.23768053948879242,1.0
1219,0.427486,0.42748600244522095,1.0
1220,0.269523,0.2695229947566986,1.0
1230,0.0010238908,0.0010238907998427749,1.0
1241,0.0066601373,0.006660137325525284,1.0
1437,0.0021148035,0.0021148035302758217,1.0
1505,0.24521683,0.24521683156490326,1.0
1508,0.21583723,0.21583722531795502,1.0
1534,0.33429506,0.3342950642108917,1.0
1615,0.005369783,0.005369782913476229,1.0
1622,0.75,0.75,0.36
1627,0.4511998,0.45119979977607727,1.0
1628,0.88382953,0.8838295340538025,1.0
1632,0.0011869436,0.0011869436129927635,1.0
1633,0.24291256,0.24291256070137024,1.0
1693,0.023454787,0.023454787209630013,1.0
1698,0.0031136482,0.0031136481557041407,1.0
1776,0.24974063,0.2497406303882599,1.0
1808,0.0031018439,0.003101843874901533,1.0
1844,0.45320755,0.4532075524330139,1.0
1860,0.6029302,0.6029301881790161,1.0
1050,0.50986344,0.5098634362220764,1.0
670,0.6471527,0.6471527218818665,1.0
1793,0.31828383,0.3182838261127472,1.0
1891,0.36437717,0.3643771708011627,1.0
1032,0.33479077,0.33479076623916626,1.0
1034,0.0063653723,0.006365372333675623,1.0
1035,0.3460604,0.3460603952407837,1.0
1849,0.23448096,0.23448096215724945,1.0
1039,0.68123347,0.6812334656715393,1.0
1512,0.012134002,0.012134001590311527,1.0
1095,0.06317654,0.06317654252052307,1.0
980,0.09190873,0.09190873056650162,1.0
1042,0.45161608,0.4516160786151886,1.0
1044,0.32963938,0.32963937520980835,1.0
1045,0.7833484,0.7833483815193176,1.0
1046,0.0011413664,0.0011413664324209094,1.0
1049,0.08250033,0.08250033110380173,1.0
1051,0.3385926,0.3385925889015198,1.0
1052,0.5254872,0.5254871845245361,1.0
1443,0.028678304,0.028678303584456444,1.0
1482,0.12,0.12,0.52
1504,0.23999558,0.2399955838918686,1.0
1607,0.03847382,0.03847381845116615,1.0
1738,0.27737394,0.27737393975257874,1.0
813,0.33345523,0.33345523476600647,1.0
1882,0.2514628,0.25146278738975525,1.0
536,0.6489977,0.6489977240562439,1.0
1606,0.36149877,0.36149877309799194,1.0
1147,0.1099182,0.10991819947957993,1.0
696,0.3942302,0.3942301869392395,1.0
824,0.64453125,0.64453125,1.0
891,0.3592773,0.35927730798721313,1.0
1320,0.44961545,0.4496154487133026,1.0
1430,0.0004789272,0.0004789271915797144,1.0
1806,0.5704678,0.5704678297042847,1.0
864,0.008116429,0.00811642874032259,1.0
1294,0.43318123,0.4331812262535095,1.0
788,0.0327495,0.03274950012564659,1.0
1060,0.00012961763,0.000129617634229362,1.0
1376,0.06956072,0.06956072151660919,1.0
1647,0.0014578587,0.001457858714275062,1.0
699,0.023514044,0.023514043539762497,1.0
1063,0.48367703,0.4836770296096802,1.0
1235,0.00027578598,0.00027578597655519843,1.0
1237,0.0033266218,0.00332662183791399,1.0
1477,0.002376103,0.002376103075221181,1.0
1478,0.38023567,0.3802356719970703,1.0
1479,0.026206123,0.02620612271130085,1.0
1645,0.39486694,0.394866943359375,1.0
1064,0.96981037,0.9289806216955184,0.63718820861678
1066,0.305638,0.30563798546791077,1.0
1067,0.41243893,0.41243892908096313,1.0
1218,0.27227655,0.27227655053138733,1.0
1626,0.6577329,0.6577329039573669,1.0
1757,0.42290887,0.42290887236595154,1.0
527,0.6966828,0.6966828107833862,1.0
1724,0.30787182,0.30787181854248047,1.0
793,0.38576955,0.3857695460319519,1.0
898,0.54663444,0.5466344356536865,1.0
922,0.5870698,0.5870698094367981,1.0
1092,0.27225363,0.2722536325454712,1.0
1467,0.20707683,0.20707683265209198,1.0
1068,0.017096883,0.017096882686018944,1.0
1322,0.007974481,0.007974481210112572,1.0
1436,0.6025867,0.6025866866111755,1.0
586,0.004098791,0.004098791163414717,1.0
1289,0.034727145,0.03472714498639107,1.0
1360,0.4942568,0.49425679445266724,1.0
1403,0.5188687,0.5188686847686768,1.0
1404,0.0014008873,0.001400887267664075,1.0
1405,0.6,0.6,0.5
1406,0.40964514,0.409645140171051,1.0
468,0.274147,0.27414700388908386,1.0
1072,0.12717131,0.12717130780220032,1.0
1286,0.016791422,0.01679142192006111,1.0
1570,0.014117861,0.014117861166596413,1.0
1623,0.678462,0.678462028503418,1.0
1625,0.69946045,0.6994604468345642,1.0
1740,0.5504569,0.5504568815231323,1.0
767,0.001866368,0.0018663679948076606,1.0
1021,0.009897759,0.009897759184241295,1.0
1883,0.0014702555,0.0014702555490657687,1.0
543,0.026997041,0.026997040957212448,1.0
544,0.6573143,0.6573143005371094,1.0
754,0.18794736,0.1879473626613617,1.0
1228,0.5069611,0.5069611072540283,1.0
786,0.15067504,0.15067504346370697,1.0
827,0.45379245,0.4537924528121948,1.0
831,0.0010332358,0.0010332358069717884,1.0
870,0.021453392,0.021453391760587692,1.0
918,0.020603938,0.020603938028216362,1.0
1033,0.0016520733,0.001652073347941041,1.0
1040,0.021655144,0.021655144169926643,1.0
1061,0.2,0.2,0.52
1062,0.01082578,0.010825780220329762,1.0
1069,0.004824013,0.0048240129835903645,1.0
1071,0.1330398,0.13303980231285095,1.0
1076,0.6,0.6,0.5
1077,0.24601786,0.24601785838603973,1.0
1078,0.0024875621,0.002487562131136656,1.0
1080,0.002335013,0.0023350128903985023,1.0
1081,0.27565283,0.27565282583236694,1.0
1083,0.08990181,0.08990181237459183,1.0
1084,0.0014769491,0.001476949080824852,1.0
1085,0.0098588625,0.00985886249691248,1.0
1086,0.6,0.6,0.5
1087,0.055023924,0.0550239235162735,1.0
1088,0.61751795,0.6175179481506348,1.0
1089,0.6072261,0.6072260737419128,1.0
1090,0.15200052,0.1520005166530609,1.0
1091,0.065416895,0.06541689485311508,1.0
1203,0.02303689,0.023036889731884003,1.0
1206,0.15088677,0.15088677406311035,1.0
1244,0.026809651,0.026809651404619217,1.0
1254,0.20404638,0.20404638350009918,1.0
1299,0.48990253,0.489902526140213,1.0
1375,0.034849696,0.03484969586133957,1.0
1392,0.017984472,0.01798447221517563,1.0
1397,0.32578096,0.3257809579372406,1.0
1502,0.0014650226,0.0014650225639343262,1.0
1621,0.00017699115,0.00017699114687275141,1.0
1631,0.039846893,0.03984689339995384,1.0
1760,0.35115257,0.35115256905555725,1.0
1841,0.24043433,0.24043433368206024,1.0
1843,0.03851863,0.03851862996816635,1.0
716,0.7536488,0.7536488175392151,1.0
705,0.6035242,0.6035242080688477,1.0
1415,0.42223322,0.4222332239151001,1.0
697,0.43069088,0.4306908845901489,1.0
1416,0.6480367,0.6480367183685303,1.0
1263,0.006305977,0.0063059767708182335,1.0
775,0.0009044862,0.0009044862235896289,1.0
528,0.59357125,0.5935712456703186,1.0
530,0.49563274,0.49563273787498474,1.0
534,0.40421632,0.40421631932258606,1.0
633,0.5570028,0.5570027828216553,1.0
637,0.3915396,0.391539603471756,1.0
1093,0.6853183,0.6853182911872864,1.0
1894,0.14658804,0.1465880423784256,1.0
1094,0.6580906,0.6580905914306641,1.0
1453,0.2962925,0.2962925136089325,1.0
1097,0.27391508,0.2739150822162628,1.0
1783,0.36927122,0.3692712187767029,1.0
1686,0.006198929,0.0061989291571080685,1.0
502,0.5962594,0.5962594151496887,1.0
1099,0.1351527,0.1351526975631714,1.0
1428,0.92796147,0.9279614686965942,1.0
1103,0.0028146813,0.0028146812692284584,1.0
1421,0.0026921195,0.002692119451239705,1.0
1200,0.97908324,0.939911738038063,0.28
1202,0.6391223,0.6391223073005676,1.0
1374,0.4393612,0.43936121463775635,1.0
1787,0.1999179,0.19991789758205414,1.0
1901,0.97468036,0.9427114754915237,0.7222222222222222
1902,0.6834818,0.6834818124771118,1.0
1903,0.005592841,0.005592841189354658,1.0
1904,0.5783703,0.5783702731132507,1.0
1905,0.6495094,0.6495093703269958,1.0
1906,0.7003346,0.7003346085548401,1.0
1907,0.35984927,0.3598492741584778,1.0
1908,0.6,0.6,0.5838287752675386
1909,0.55,0.5398385196924209,0.7711058263971462
1910,0.78530675,0.7853067517280579,1.0
1911,0.363272,0.3632720112800598,1.0
1912,0.20288604,0.20288604497909546,1.0
1913,0.31701547,0.31701546907424927,1.0
1914,0.4243319,0.4243319034576416,1.0
1915,0.25,0.25,0.2964876033057851
1916,0.00515394,0.005153940059244633,1.0
1917,0.014212236,0.014212235808372498,1.0
1918,0.4378835,0.42777640074491496,0.8903591682419659
1919,0.39865243,0.39865243434906006,1.0
1920,0.14631078,0.14631077647209167,1.0
1921,0.1286331,0.12863309681415558,1.0
1922,0.15887943,0.15887942910194397,1.0
1923,0.10409357,0.10409356653690338,1.0
1924,0.065235056,0.06523505598306656,1.0
1925,0.14870006,0.1487000584602356,1.0
1926,0.7104734,0.7104734182357788,1.0
1927,0.56153625,0.5615362524986267,1.0
1928,0.7793007,0.7793006896972656,1.0
1929,0.17163257,0.1716325730085373,1.0
1930,0.28718045,0.28718045353889465,1.0
1931,0.4,0.4,0.3218799648511715
1932,0.35,0.346642592549324,0.2416312857994539
1933,0.35,0.35,0.780504061008122
1934,0.40160587,0.40160587430000305,1.0
1935,0.6628482,0.662848174571991,1.0
1936,0.41038448,0.41038447618484497,1.0
1937,0.25,0.25,0.34375
1938,0.24179144,0.24179144203662872,1.0
1939,0.4875463,0.48754629492759705,1.0
1940,0.5,0.5,0.52
1941,0.45669025,0.4558743968605995,0.9984621299500193
1942,0.3568075,0.35680750012397766,1.0
1943,0.7149361,0.7149360775947571,1.0
1944,0.25,0.25,0.3469387755102041
1945,0.64045477,0.6404547691345215,1.0
1946,0.39150313,0.39150312542915344,1.0
1947,0.30647147,0.30647146701812744,1.0
1948,0.47451088,0.47451087832450867,1.0
1949,0.9106814,0.8025270968675613,0.9846469907687462
1950,0.6825378,0.6825377941131592,1.0
