genus,species,group_ngenomes,species_ngenomes,accs
Streptococcus,pneumoniae,135,7099,"GCF_900048815.1,GCF_900049105.1,GCF_900049575.1,GCF_900049585.1,GCF_900049595.1,GCF_900049605.1,GCF_900049615.1,GCF_900049915.1,GCF_900049925.1,GCF_900050355.1,GCF_900050375.1,GCF_900050755.1,GCF_900050765.1,GCF_900050775.1,GCF_900051245.1,GCF_900051485.1,GCF_900051495.1,GCF_900051505.1,GCF_900051525.1,GCF_900051545.1,GCF_900051855.1,GCF_900051875.1,GCF_900051915.1,GCF_900052185.1,GCF_900052215.1,GCF_900052495.1,GCF_900052505.1,GCF_900052785.1,GCF_900053115.1,GCF_900053585.1,GCF_900054065.1,GCF_900054085.1,GCF_900054095.1,GCF_900054245.1,GCF_900054255.1,GCF_900054265.1,GCF_900054275.1,GCF_900054525.1,GCF_900054785.1,GCF_900054795.1,GCF_900054805.1,GCF_900055065.1,GCF_900055085.1,GCF_900055465.1,GCF_900055755.1,GCF_900055765.1,GCF_900055775.1,GCF_900055805.1,GCF_900055815.1,GCF_900055825.1,GCF_900056045.1,GCF_900056055.1,GCF_900056075.1,GCF_900056085.1,GCF_900056095.1,GCF_900056105.1,GCF_900056135.1,GCF_900056445.1,GCF_900056455.1,GCF_900056765.1,GCF_900056775.1,GCF_900056795.1,GCF_900056805.1,GCF_900057035.1,GCF_900057185.1,GCF_900057195.1,GCF_900057215.1,GCF_900057435.1,GCF_900057455.1,GCF_900057665.1,GCF_900057905.1,GCF_900057945.1,GCF_900057975.1,GCF_900058215.1,GCF_900058235.1,GCF_900058445.1,GCF_900058455.1,GCF_900058465.1,GCF_900058675.1,GCF_900059015.1,GCF_900059025.1,GCF_900059035.1,GCF_900059055.1,GCF_900059065.1,GCF_900059385.1,GCF_900059395.1,GCF_900059405.1,GCF_900059715.1,GCF_900059735.1,GCF_900059875.1,GCF_900059885.1,GCF_900060095.1,GCF_900060105.1,GCF_900060115.1,GCF_900060615.1,GCF_900060915.1,GCF_900060925.1,GCF_900060945.1,GCF_900061265.1,GCF_900061295.1,GCF_900061305.1,GCF_900061315.1,GCF_900061325.1,GCF_900061335.1,GCF_900061875.1,GCF_900061885.1,GCF_900062035.1,GCF_900062045.1,GCF_900062185.1,GCF_900062195.1,GCF_900062215.1,GCF_900062225.1,GCF_900062815.1,GCF_900062965.1,GCF_900062975.1,GCF_900062985.1,GCF_900063215.1,GCF_900063225.1,GCF_900063245.1,GCF_900063265.1,GCF_900063525.1,GCF_900063535.1,GCF_900063985.1,GCF_900064005.1,GCF_900064265.1,GCF_900064275.1,GCF_900064955.1,GCF_900064975.1,GCF_900065205.1,GCF_900065365.1,GCF_900065375.1,GCF_900065645.1,GCF_900065655.1,GCF_900065675.1,GCF_900065685.1"
Streptococcus,pneumoniae,60,7099,"GCF_900049095.1,GCF_900049935.1,GCF_900050365.1,GCF_900051235.1,GCF_900051515.1,GCF_900051535.1,GCF_900051555.1,GCF_900051885.1,GCF_900051895.1,GCF_900051925.1,GCF_900052195.1,GCF_900052205.1,GCF_900052805.1,GCF_900052815.1,GCF_900053105.1,GCF_900053775.1,GCF_900054075.1,GCF_900055035.1,GCF_900055075.1,GCF_900055095.1,GCF_900055455.1,GCF_900055475.1,GCF_900055745.1,GCF_900055785.1,GCF_900055795.1,GCF_900056065.1,GCF_900056115.1,GCF_900056125.1,GCF_900056155.1,GCF_900056465.1,GCF_900056745.1,GCF_900056755.1,GCF_900056815.1,GCF_900057225.1,GCF_900057465.1,GCF_900057925.1,GCF_900057965.1,GCF_900058205.1,GCF_900059725.1,GCF_900059745.1,GCF_900060085.1,GCF_900060315.1,GCF_900060605.1,GCF_900060625.1,GCF_900060935.1,GCF_900061285.1,GCF_900062055.1,GCF_900062825.1,GCF_900062955.1,GCF_900063005.1,GCF_900063235.1,GCF_900063255.1,GCF_900063505.1,GCF_900063515.1,GCF_900063975.1,GCF_900063995.1,GCF_900064965.1,GCF_900065185.1,GCF_900065195.1,GCF_900065665.1"
Salmonella,enterica,55,4650,"GCF_001079785.1,GCF_001085745.1,GCF_001089865.1,GCF_001091845.1,GCF_001092245.1,GCF_001095705.1,GCF_001096485.1,GCF_001096905.1,GCF_001099045.1,GCF_001099705.1,GCF_001115025.1,GCF_001118345.1,GCF_001118425.1,GCF_001119745.1,GCF_001120605.1,GCF_001122965.1,GCF_001126405.1,GCF_001129305.1,GCF_001131765.1,GCF_001138245.1,GCF_001141825.1,GCF_001144045.1,GCF_001146725.1,GCF_001149685.1,GCF_001149885.1,GCF_001155705.1,GCF_001162605.1,GCF_001163925.1,GCF_001166045.1,GCF_001166345.1,GCF_001166585.1,GCF_001168005.1,GCF_001168685.1,GCF_001317625.1,GCF_001328635.1,GCF_001328695.1,GCF_001328815.1,GCF_001356355.1,GCF_001356435.1,GCF_001356455.1,GCF_001356475.1,GCF_001356495.1,GCF_001356515.1,GCF_001356595.1,GCF_001356615.1,GCF_001356655.1,GCF_001356675.1,GCF_001358455.1,GCF_001358555.1,GCF_001358575.1,GCF_001362575.1,GCF_001365595.1,GCF_001367295.1,GCF_001367555.1,GCF_001367775.1"
Mycobacterium,tuberculosis,52,3486,"GCF_000154605.2,GCF_000652855.1,GCF_000653315.1,GCF_000653335.1,GCF_000653655.1,GCF_000654055.1,GCF_000654155.1,GCF_000654215.1,GCF_000656735.1,GCF_000656795.1,GCF_000656855.1,GCF_000659225.1,GCF_000659245.1,GCF_000659265.1,GCF_000659285.1,GCF_000659365.1,GCF_000659445.1,GCF_000659545.1,GCF_000659605.1,GCF_000659645.1,GCF_000659685.1,GCF_000659705.1,GCF_000659805.1,GCF_000659845.1,GCF_000660305.1,GCF_000660865.1,GCF_000661405.1,GCF_000661525.1,GCF_000669635.1,GCF_000670355.1,GCF_000671035.1,GCF_000671055.1,GCF_000671835.1,GCF_000671855.1,GCF_000671875.1,GCF_000671895.1,GCF_000671915.1,GCF_000672035.1,GCF_000672055.1,GCF_000672115.1,GCF_000672135.1,GCF_000672175.1,GCF_000672195.1,GCF_000672215.1,GCF_000673075.1,GCF_000675475.1,GCF_000675495.1,GCF_000675775.1,GCF_000675795.1,GCF_000675815.1,GCF_000676855.1,GCF_000706565.1"
Salmonella,enterica,44,4650,"GCF_001079285.1,GCF_001082925.1,GCF_001090105.1,GCF_001093025.1,GCF_001103385.1,GCF_001103505.1,GCF_001103945.1,GCF_001106785.1,GCF_001107045.1,GCF_001110185.1,GCF_001111225.1,GCF_001112885.1,GCF_001113525.1,GCF_001117225.1,GCF_001122165.1,GCF_001123485.1,GCF_001126865.1,GCF_001128065.1,GCF_001132065.1,GCF_001135825.1,GCF_001167105.1,GCF_001167305.1,GCF_001170905.1,GCF_001174365.1,GCF_001355655.1,GCF_001355735.1,GCF_001355755.1,GCF_001355835.1,GCF_001355855.1,GCF_001355875.1,GCF_001355955.1,GCF_001355995.1,GCF_001356035.1,GCF_001356095.1,GCF_001356135.1,GCF_001356175.1,GCF_001356195.1,GCF_001356255.1,GCF_001356295.1,GCF_001356315.1,GCF_001356335.1,GCF_001359315.1,GCF_001359375.1,GCF_001360935.1"
Salmonella,enterica,33,4650,"GCF_001080265.1,GCF_001084585.1,GCF_001087985.1,GCF_001089065.1,GCF_001090385.1,GCF_001093505.1,GCF_001094425.1,GCF_001106645.1,GCF_001108265.1,GCF_001109025.1,GCF_001109645.1,GCF_001123045.1,GCF_001123645.1,GCF_001150125.1,GCF_001151265.1,GCF_001157925.1,GCF_001167165.1,GCF_001167865.1,GCF_001170245.1,GCF_001171105.1,GCF_001173945.1,GCF_001358215.1,GCF_001359115.1,GCF_001359175.1,GCF_001359795.1,GCF_001360575.1,GCF_001360655.1,GCF_001363995.1,GCF_001364515.1,GCF_001364795.1,GCF_001365275.1,GCF_001367435.1,GCF_001367855.1"
Streptococcus,equi,33,243,"GCF_001175025.1,GCF_001175065.1,GCF_001175265.1,GCF_001175325.1,GCF_001175685.1,GCF_001175705.1,GCF_001175745.1,GCF_001175765.1,GCF_001175785.1,GCF_001175885.1,GCF_001176065.1,GCF_001176085.1,GCF_001176165.1,GCF_001176445.1,GCF_001176585.1,GCF_001176625.1,GCF_001176685.1,GCF_001176805.1,GCF_001177045.1,GCF_001177265.1,GCF_001177465.1,GCF_001177565.1,GCF_001177905.1,GCF_001178225.1,GCF_001178525.1,GCF_001178605.1,GCF_001178805.1,GCF_001178845.1,GCF_001178885.1,GCF_001179005.1,GCF_001179045.1,GCF_001179125.1,GCF_001179445.1"
Legionella,pneumophila,25,488,"GCF_900049375.1,GCF_900050245.1,GCF_900052325.1,GCF_900052945.1,GCF_900055615.1,GCF_900056195.1,GCF_900057585.1,GCF_900057605.1,GCF_900059605.1,GCF_900060415.1,GCF_900060445.1,GCF_900060785.1,GCF_900062525.1,GCF_900062555.1,GCF_900062575.1,GCF_900062585.1,GCF_900062685.1,GCF_900062695.1,GCF_900063125.1,GCF_900063835.1,GCF_900063845.1,GCF_900063875.1,GCF_900064325.1,GCF_900064495.1,GCF_900064765.1"
Mycobacterium,tuberculosis,24,3486,"GCF_001321905.1,GCF_001321925.1,GCF_001323165.1,GCF_001323505.1,GCF_001323545.1,GCF_001324025.1,GCF_001324625.1,GCF_001324685.1,GCF_001375715.1,GCF_001376755.1,GCF_001377115.1,GCF_001377595.1,GCF_001378535.1,GCF_001378915.1,GCF_001379115.1,GCF_001379875.1,GCF_001379955.1,GCF_001380335.1,GCF_001380615.1,GCF_001381315.1,GCF_001382035.1,GCF_001382615.1,GCF_001382675.1,GCF_001385595.1"
Bordetella,pertussis,22,327,"GCF_000193595.2,GCF_001307585.1,GCF_001307605.1,GCF_001307625.1,GCF_001307645.1,GCF_001307705.1,GCF_001307725.1,GCF_001307745.1,GCF_001605055.1,GCF_001605075.1,GCF_001605095.1,GCF_001605115.1,GCF_001605195.1,GCF_001605345.1,GCF_001605385.1,GCF_001605525.1,GCF_001605545.1,GCF_001605585.1,GCF_001605605.1,GCF_001605625.1,GCF_001605645.1,GCF_001605685.1"
Salmonella,enterica,22,4650,"GCF_001079325.1,GCF_001079545.1,GCF_001079565.1,GCF_001079585.1,GCF_001080045.1,GCF_001080085.1,GCF_001080105.1,GCF_001080225.1,GCF_001080645.1,GCF_001081265.1,GCF_001081605.1,GCF_001081625.1,GCF_001081965.1,GCF_001081985.1,GCF_001082125.1,GCF_001082385.1,GCF_001116565.1,GCF_001121185.1,GCF_001146025.1,GCF_001155445.1,GCF_001361635.1,GCF_001367915.1"
Legionella,pneumophila,21,488,"GCF_900053435.1,GCF_900054655.1,GCF_900055605.1,GCF_900055635.1,GCF_900056205.1,GCF_900056935.1,GCF_900057595.1,GCF_900060005.1,GCF_900060015.1,GCF_900060455.1,GCF_900062565.1,GCF_900062595.1,GCF_900062625.1,GCF_900062635.1,GCF_900062645.1,GCF_900062655.1,GCF_900062665.1,GCF_900062675.1,GCF_900062735.1,GCF_900063115.1,GCF_900063885.1"
Salmonella,enterica,19,4650,"GCF_001079045.1,GCF_001079205.1,GCF_001079965.1,GCF_001080465.1,GCF_001080485.1,GCF_001081005.1,GCF_001081845.1,GCF_001081945.1,GCF_001082185.1,GCF_001082285.1,GCF_001082425.1,GCF_001082505.1,GCF_001094925.1,GCF_001358475.1,GCF_001361615.1,GCF_001361655.1,GCF_001361755.1,GCF_001361855.1,GCF_001361895.1"
Salmonella,enterica,19,4650,"GCF_001079425.1,GCF_001079985.1,GCF_001080285.1,GCF_001086425.1,GCF_001103165.1,GCF_001107745.1,GCF_001114305.1,GCF_001130285.1,GCF_001131605.1,GCF_001135905.1,GCF_001153825.1,GCF_001163605.1,GCF_001166405.1,GCF_001168305.1,GCF_001239985.1,GCF_001317605.1,GCF_001355415.1,GCF_001355575.1,GCF_001366535.1"
Salmonella,enterica,18,4650,"GCF_001079165.1,GCF_001080885.1,GCF_001081025.1,GCF_001081705.1,GCF_001094085.1,GCF_001096745.1,GCF_001107945.1,GCF_001120445.1,GCF_001124985.1,GCF_001138465.1,GCF_001152505.1,GCF_001153245.1,GCF_001156405.1,GCF_001359635.1,GCF_001360415.1,GCF_001361455.1,GCF_001361515.1,GCF_001361975.1"
Salmonella,enterica,18,4650,"GCF_001079605.1,GCF_001083185.1,GCF_001085365.1,GCF_001096965.1,GCF_001105645.1,GCF_001113945.1,GCF_001134485.1,GCF_001359775.1,GCF_001359815.1,GCF_001363375.1,GCF_001366035.1,GCF_001366295.1,GCF_001366595.1,GCF_001366635.1,GCF_001367375.1,GCF_001367475.1,GCF_001367615.1,GCF_001367695.1"
Salmonella,enterica,18,4650,"GCF_001090965.1,GCF_001094765.1,GCF_001098065.1,GCF_001102245.1,GCF_001104905.1,GCF_001114445.1,GCF_001132005.1,GCF_001164525.1,GCF_001165745.1,GCF_001167765.1,GCF_001239885.1,GCF_001360635.1,GCF_001362595.1,GCF_001363815.1,GCF_001364455.1,GCF_001366555.1,GCF_001366975.1,GCF_001368495.1"
Legionella,pneumophila,18,488,"GCF_900049285.1,GCF_900052335.1,GCF_900053425.1,GCF_900054165.1,GCF_900054665.1,GCF_900056215.1,GCF_900056945.1,GCF_900057265.1,GCF_900057575.1,GCF_900057615.1,GCF_900058825.1,GCF_900062545.1,GCF_900062705.1,GCF_900062745.1,GCF_900063855.1,GCF_900063865.1,GCF_900064315.1,GCF_900064755.1"
Streptococcus,equi,16,243,"GCF_001175245.1,GCF_001175925.1,GCF_001175985.1,GCF_001176325.1,GCF_001176525.1,GCF_001176605.1,GCF_001176765.1,GCF_001176785.1,GCF_001176885.1,GCF_001177025.1,GCF_001177105.1,GCF_001177485.1,GCF_001177585.1,GCF_001177645.1,GCF_001177825.1,GCF_001178565.1"
Mycobacterium,tuberculosis,15,3486,"GCF_000023625.1,GCF_000652435.1,GCF_000652455.1,GCF_000652795.1,GCF_000653995.1,GCF_000659825.1,GCF_000659865.1,GCF_000660245.1,GCF_000660345.1,GCF_000661025.1,GCF_000661465.1,GCF_000669675.1,GCF_000671175.1,GCF_000671195.1,GCF_000675895.1"
Salmonella,enterica,15,4650,"GCF_001085485.1,GCF_001102325.1,GCF_001104065.1,GCF_001108905.1,GCF_001112225.1,GCF_001124365.1,GCF_001138705.1,GCF_001142325.1,GCF_001151665.1,GCF_001359595.1,GCF_001360475.1,GCF_001362975.1,GCF_001363095.1,GCF_001365115.1,GCF_001367095.1"
Streptococcus,equi,15,243,"GCF_001175125.1,GCF_001175645.1,GCF_001176145.1,GCF_001176225.1,GCF_001176425.1,GCF_001176725.1,GCF_001177225.1,GCF_001177345.1,GCF_001177505.1,GCF_001178005.1,GCF_001178145.1,GCF_001178265.1,GCF_001178665.1,GCF_001178785.1,GCF_001178945.1"
Mycobacterium,tuberculosis,15,3486,"GCF_001322145.1,GCF_001322645.1,GCF_001323845.1,GCF_001378235.1,GCF_001378635.1,GCF_001379895.1,GCF_001380435.1,GCF_001381095.1,GCF_001381275.1,GCF_001381695.1,GCF_001382255.1,GCF_001382955.1,GCF_001383335.1,GCF_001384535.1,GCF_001386455.1"
Streptococcus,pyogenes,14,249,"GCF_000011765.3,GCF_000307535.1,GCF_000628045.1,GCF_000628085.1,GCF_000628125.1,GCF_000628165.1,GCF_000628205.1,GCF_000628225.1,GCF_000628245.1,GCF_000628305.1,GCF_000628705.1,GCF_000629785.1,GCF_000630405.1,GCF_000631425.1"
Salmonella,enterica,13,4650,"GCF_001085245.1,GCF_001091785.1,GCF_001096505.1,GCF_001099985.1,GCF_001102845.1,GCF_001112665.1,GCF_001119445.1,GCF_001149445.1,GCF_001358495.1,GCF_001359135.1,GCF_001361475.1,GCF_001367155.1,GCF_001367935.1"
Salmonella,enterica,12,4650,"GCF_001080325.1,GCF_001081525.1,GCF_001104965.1,GCF_001106745.1,GCF_001143065.1,GCF_001154025.1,GCF_001155545.1,GCF_001157765.1,GCF_001170145.1,GCF_001172385.1,GCF_001361295.1,GCF_001364855.1"
Streptococcus,pneumoniae,12,7099,"GCF_900053785.1,GCF_900055445.1,GCF_900056785.1,GCF_900057205.1,GCF_900057475.1,GCF_900057915.1,GCF_900059045.1,GCF_900060305.1,GCF_900060595.1,GCF_900064285.1,GCF_900065215.1,GCF_900065695.1"
Salmonella,enterica,11,4650,"GCF_000623835.2,GCF_000623995.2,GCF_000624135.2,GCF_000624195.2,GCF_000624315.2,GCF_000624415.2,GCF_000625075.2,GCF_000625355.1,GCF_000625495.2,GCF_000626115.2,GCF_000626155.2"
Salmonella,enterica,11,4650,"GCF_001098685.1,GCF_001111725.1,GCF_001115105.1,GCF_001128685.1,GCF_001137545.1,GCF_001137705.1,GCF_001141645.1,GCF_001151945.1,GCF_001359555.1,GCF_001365635.1,GCF_001367995.1"
Francisella,tularensis,10,95,"GCF_000008985.1,GCF_000009325.1,GCF_000023305.1,GCF_000628905.1,GCF_000628925.1,GCF_000628945.1,GCF_000628965.1,GCF_000628985.1,GCF_000629005.1,GCF_000978785.2"
Mycobacterium,tuberculosis,10,3486,"GCF_000658135.1,GCF_000680135.1,GCF_000680155.1,GCF_000680435.1,GCF_000680515.1,GCF_000680835.1,GCF_000680875.1,GCF_000681015.1,GCF_000681115.1,GCF_000681275.1"
Listeria,monocytogenes,10,624,"GCF_000726225.1,GCF_000726355.1,GCF_000726525.1,GCF_000726555.1,GCF_000727125.1,GCF_000727145.1,GCF_000728205.1,GCF_000729145.1,GCF_000729325.1,GCF_000764125.1"
Pseudomonas,aeruginosa,10,1547,"GCF_000824105.1,GCF_000824185.1,GCF_000824205.1,GCF_000824305.1,GCF_000824325.1,GCF_000824365.1,GCF_000824385.1,GCF_000824545.1,GCF_000824665.1,GCF_000824685.1"
Salmonella,enterica,10,4650,"GCF_001080765.1,GCF_001081325.1,GCF_001082485.1,GCF_001082725.1,GCF_001095325.1,GCF_001111005.1,GCF_001152465.1,GCF_001358195.1,GCF_001358375.1,GCF_001359215.1"
Streptococcus,equi,10,243,"GCF_001177205.1,GCF_001177965.1,GCF_001178045.1,GCF_001178105.1,GCF_001178465.1,GCF_001178625.1,GCF_001178825.1,GCF_001178865.1,GCF_001178925.1,GCF_001179225.1"
Chlamydia,trachomatis,9,115,"GCF_000318905.1,GCF_000318925.1,GCF_000318945.1,GCF_000318985.1,GCF_000319005.1,GCF_000319025.1,GCF_000319065.1,GCF_000971705.1,GCF_000971725.1"
Brucella,abortus,9,158,"GCF_000365685.1,GCF_000365805.1,GCF_000366185.1,GCF_000366645.1,GCF_000366665.1,GCF_000366705.1,GCF_000366785.1,GCF_000370545.1,GCF_000399725.1"
Salmonella,enterica,9,4650,"GCF_001079065.1,GCF_001081485.1,GCF_001082825.1,GCF_001104005.1,GCF_001122325.1,GCF_001143965.1,GCF_001358915.1,GCF_001361575.1,GCF_001361835.1"
Neisseria,gonorrhoeae,9,326,"GCF_001083105.1,GCF_001084685.1,GCF_001087905.1,GCF_001095465.1,GCF_001126285.1,GCF_001156545.1,GCF_001171225.1,GCF_001319065.1,GCF_001319145.1"
Salmonella,enterica,9,4650,"GCF_001087345.1,GCF_001090505.1,GCF_001132285.1,GCF_001136805.1,GCF_001141225.1,GCF_001166205.1,GCF_001328675.1,GCF_001328755.1,GCF_001358715.1"
Salmonella,enterica,9,4650,"GCF_001102885.1,GCF_001105845.1,GCF_001108125.1,GCF_001123065.1,GCF_001125885.1,GCF_001128425.1,GCF_001145585.1,GCF_001153465.1,GCF_001355635.1"
Mycobacterium,tuberculosis,9,3486,"GCF_001322365.1,GCF_001376215.1,GCF_001376635.1,GCF_001377995.1,GCF_001378475.1,GCF_001378755.1,GCF_001380775.1,GCF_001383235.1,GCF_001385855.1"
Francisella,tularensis,9,95,"GCF_001574475.1,GCF_001574485.1,GCF_001574495.1,GCF_001574565.1,GCF_001574605.1,GCF_001574705.1,GCF_001574755.1,GCF_001574795.1,GCF_001574835.1"
Streptococcus,pneumoniae,9,7099,"GCF_900019655.1,GCF_900020715.1,GCF_900021205.1,GCF_900021215.1,GCF_900022145.1,GCF_900028575.1,GCF_900028775.1,GCF_900031865.1,GCF_900047765.1"
Listeria,monocytogenes,8,624,"GCF_000726395.1,GCF_000726765.1,GCF_000726815.1,GCF_000727405.1,GCF_000727445.1,GCF_000727625.1,GCF_000727705.1,GCF_000728645.1"
Salmonella,enterica,8,4650,"GCF_001079865.1,GCF_001082065.1,GCF_001091525.1,GCF_001111545.1,GCF_001163005.1,GCF_001359355.1,GCF_001360175.1,GCF_001360875.1"
Neisseria,gonorrhoeae,8,326,"GCF_001106765.1,GCF_001126245.1,GCF_001127565.1,GCF_001129585.1,GCF_001146225.1,GCF_001154625.1,GCF_001354815.1,GCF_001355075.1"
Streptococcus,equi,8,243,"GCF_001175085.1,GCF_001175485.1,GCF_001176405.1,GCF_001177325.1,GCF_001177785.1,GCF_001178545.1,GCF_001178745.1,GCF_001179185.1"
Mycobacterium,tuberculosis,8,3486,"GCF_001323625.1,GCF_001324225.1,GCF_001378035.1,GCF_001383195.1,GCF_001383755.1,GCF_001385615.1,GCF_001386095.1,GCF_001386175.1"
Escherichia,coli,7,4221,"GCF_000005845.2,GCF_000269645.1,GCF_000273425.1,GCF_000364365.1,GCF_000482265.1,GCF_001308065.1,GCF_001308125.1"
Campylobacter,jejuni,7,628,"GCF_000009085.1,GCF_000304375.1,GCF_000830775.1,GCF_000830805.1,GCF_000830825.1,GCF_000830845.1,GCF_000830865.1"
Acetobacter,pasteurianus,7,12,"GCF_000010825.1,GCF_000010845.1,GCF_000010865.1,GCF_000010885.1,GCF_000010905.1,GCF_000010925.1,GCF_000010965.1"
Listeria,monocytogenes,7,624,"GCF_000726385.1,GCF_000726705.1,GCF_000727355.1,GCF_000727655.1,GCF_000727915.1,GCF_000728675.1,GCF_000728725.1"
Listeria,monocytogenes,7,624,"GCF_000726775.1,GCF_000727045.1,GCF_000727315.1,GCF_000728415.1,GCF_000728495.1,GCF_000728505.1,GCF_000728665.1"
Pseudomonas,aeruginosa,7,1547,"GCF_000823905.1,GCF_000823985.1,GCF_000824145.1,GCF_000824225.1,GCF_000824485.1,GCF_000824565.1,GCF_000824625.1"
Salmonella,enterica,7,4650,"GCF_001079085.1,GCF_001079105.1,GCF_001283125.1,GCF_001358535.1,GCF_001359035.1,GCF_001359055.1,GCF_001361595.1"
Salmonella,enterica,7,4650,"GCF_001079725.1,GCF_001081145.1,GCF_001082645.1,GCF_001156625.1,GCF_001328595.1,GCF_001358255.1,GCF_001359015.1"
Salmonella,enterica,7,4650,"GCF_001102485.1,GCF_001113105.1,GCF_001138725.1,GCF_001164605.1,GCF_001174705.1,GCF_001355815.1,GCF_001356235.1"
Staphylococcus,aureus,7,6497,"GCF_001193795.1,GCF_001197735.1,GCF_001208745.1,GCF_001208805.1,GCF_001262175.1,GCF_001352475.1,GCF_001352935.1"
Burkholderia,pseudomallei,7,392,"GCF_001196775.1,GCF_001207675.1,GCF_001320825.1,GCF_001320905.1,GCF_001321065.1,GCF_001321465.1,GCF_001321525.1"
Mycobacterium,tuberculosis,7,3486,"GCF_001323685.1,GCF_001376515.1,GCF_001378895.1,GCF_001380135.1,GCF_001381255.1,GCF_001383355.1,GCF_001384015.1"
Staphylococcus,aureus,7,6497,"GCF_001350915.1,GCF_001351155.1,GCF_001351175.1,GCF_001351255.1,GCF_001351395.1,GCF_001351515.1,GCF_001351535.1"
Campylobacter,jejuni,7,628,"GCF_001506385.1,GCF_001506425.1,GCF_001506505.1,GCF_001506565.1,GCF_001506625.1,GCF_001506825.1,GCF_001506985.1"
Helicobacter,pylori,6,487,"GCF_000008525.1,GCF_000826985.1,GCF_000827025.1,GCF_000829095.1,GCF_000829115.1,GCF_000829135.1"
Chlamydia,pneumoniae,6,10,"GCF_000008745.1,GCF_001007025.1,GCF_001007045.1,GCF_001007065.1,GCF_001007085.1,GCF_001007105.1"
Salmonella,enterica,6,4650,"GCF_000623055.1,GCF_000623195.2,GCF_000626335.1,GCF_000626355.1,GCF_000626375.1,GCF_000750455.1"
Chlamydia,muridarum,6,15,"GCF_000709455.1,GCF_000767405.1,GCF_000767445.1,GCF_000772145.1,GCF_000830945.1,GCF_000830965.1"
Streptococcus,suis,6,853,"GCF_000877095.1,GCF_000936555.1,GCF_000938775.1,GCF_000940195.1,GCF_000940475.1,GCF_000944075.1"
Salmonella,enterica,6,4650,"GCF_001047955.1,GCF_001081545.1,GCF_001082745.1,GCF_001087165.1,GCF_001124525.1,GCF_001356755.1"
Salmonella,enterica,6,4650,"GCF_001080785.1,GCF_001107845.1,GCF_001123685.1,GCF_001145065.1,GCF_001317585.1,GCF_001355535.1"
Salmonella,enterica,6,4650,"GCF_001081425.1,GCF_001130345.1,GCF_001135305.1,GCF_001152105.1,GCF_001355695.1,GCF_001355915.1"
Staphylococcus,aureus,6,6497,"GCF_001120905.1,GCF_001130185.1,GCF_001133445.1,GCF_001150145.1,GCF_001151145.1,GCF_001351495.1"
Salmonella,enterica,6,4650,"GCF_001139325.1,GCF_001216785.1,GCF_001218665.1,GCF_001221225.1,GCF_001223085.1,GCF_001350075.1"
Mycobacterium,abscessus,6,241,"GCF_001214005.1,GCF_001214305.1,GCF_001214725.1,GCF_001216825.1,GCF_001217105.1,GCF_001217165.1"
Mycobacterium,tuberculosis,6,3486,"GCF_001378515.1,GCF_001378775.1,GCF_001381135.1,GCF_001382355.1,GCF_001383895.1,GCF_001384335.1"
Francisella,tularensis,5,95,"GCF_000168775.2,GCF_001574555.1,GCF_001574695.1,GCF_001574775.1,GCF_001574935.1"
Mycobacterium,tuberculosis,5,3486,"GCF_000193185.2,GCF_000680635.1,GCF_000680915.1,GCF_001378555.1,GCF_001383995.1"
Helicobacter,pylori,5,487,"GCF_000345305.2,GCF_000345325.2,GCF_000345345.2,GCF_000345765.2,GCF_000345885.2"
Brucella,abortus,5,158,"GCF_000365825.1,GCF_000366725.1,GCF_000366745.1,GCF_000366765.1,GCF_000370505.1"
Streptococcus,pyogenes,5,249,"GCF_000629765.1,GCF_000629845.1,GCF_000630605.1,GCF_000631105.1,GCF_000631205.1"
Streptococcus,pyogenes,5,249,"GCF_000629865.1,GCF_000630065.1,GCF_000630505.1,GCF_000631545.1,GCF_000631905.1"
Mycobacterium,tuberculosis,5,3486,"GCF_000654195.1,GCF_000659525.1,GCF_000660745.1,GCF_000671955.1,GCF_000672255.1"
Mycobacterium,tuberculosis,5,3486,"GCF_000655735.1,GCF_000656195.1,GCF_000679975.1,GCF_000680375.1,GCF_000680975.1"
Chlamydia,muridarum,5,15,"GCF_000700845.1,GCF_000700865.1,GCF_000700885.1,GCF_000700905.1,GCF_000700925.1"
Listeria,monocytogenes,5,624,"GCF_000725955.1,GCF_000726625.1,GCF_000726805.1,GCF_000727585.1,GCF_000728325.1"
Listeria,monocytogenes,5,624,"GCF_000726465.1,GCF_000727255.1,GCF_000728185.1,GCF_000728745.1,GCF_000729305.1"
Campylobacter,jejuni,5,628,"GCF_000752275.1,GCF_000752375.1,GCF_000752795.1,GCF_000753015.1,GCF_000753175.1"
Staphylococcus,aureus,5,6497,"GCF_000815045.1,GCF_000815085.1,GCF_000815165.1,GCF_000815205.1,GCF_000815245.1"
Salmonella,enterica,5,4650,"GCF_001079225.1,GCF_001106305.1,GCF_001173505.1,GCF_001358975.1,GCF_001360295.1"
Salmonella,enterica,5,4650,"GCF_001080345.1,GCF_001080665.1,GCF_001081245.1,GCF_001082145.1,GCF_001124945.1"
Salmonella,enterica,5,4650,"GCF_001080445.1,GCF_001081065.1,GCF_001081365.1,GCF_001082665.1,GCF_001138325.1"
Salmonella,enterica,5,4650,"GCF_001080825.1,GCF_001080945.1,GCF_001081585.1,GCF_001165785.1,GCF_001358695.1"
Salmonella,enterica,5,4650,"GCF_001082965.1,GCF_001084005.1,GCF_001124685.1,GCF_001358735.1,GCF_001360015.1"
Salmonella,enterica,5,4650,"GCF_001101825.1,GCF_001105205.1,GCF_001155365.1,GCF_001158125.1,GCF_001356275.1"
Salmonella,enterica,5,4650,"GCF_001105025.1,GCF_001116685.1,GCF_001355595.1,GCF_001355975.1,GCF_001359295.1"
Neisseria,gonorrhoeae,5,326,"GCF_001113865.1,GCF_001135385.1,GCF_001152885.1,GCF_001157065.1,GCF_001167585.1"
Salmonella,enterica,5,4650,"GCF_001114385.1,GCF_001132265.1,GCF_001148005.1,GCF_001356375.1,GCF_001358595.1"
Mycobacterium,abscessus,5,241,"GCF_001213405.1,GCF_001214645.1,GCF_001215905.1,GCF_001216805.1,GCF_001217225.1"
Campylobacter,jejuni,5,628,"GCF_001226845.1,GCF_001228225.1,GCF_001235065.1,GCF_001235925.1,GCF_001238565.1"
Mycobacterium,tuberculosis,5,3486,"GCF_001322465.1,GCF_001375875.1,GCF_001376355.1,GCF_001376935.1,GCF_001377275.1"
Mycobacterium,tuberculosis,5,3486,"GCF_001324565.1,GCF_001379395.1,GCF_001380655.1,GCF_001383715.1,GCF_001385915.1"
Mycobacterium,tuberculosis,5,3486,"GCF_001376535.1,GCF_001380635.1,GCF_001380975.1,GCF_001382855.1,GCF_001384515.1"
Campylobacter,jejuni,5,628,"GCF_001506185.1,GCF_001506805.1,GCF_001507005.1,GCF_001507045.1,GCF_001507065.1"
Bordetella,pertussis,5,327,"GCF_001605445.1,GCF_001605465.1,GCF_001605485.1,GCF_001605565.1,GCF_001605705.1"
Streptococcus,pneumoniae,5,7099,"GCF_900049905.1,GCF_900055045.1,GCF_900055835.1,GCF_900056145.1,GCF_900058225.1"
Legionella,pneumophila,5,488,"GCF_900051725.1,GCF_900055585.1,GCF_900061715.1,GCF_900061725.1,GCF_900063805.1"
Legionella,pneumophila,5,488,"GCF_900052315.1,GCF_900054415.1,GCF_900055195.1,GCF_900062325.1,GCF_900062475.1"
Legionella,pneumophila,5,488,"GCF_900053735.1,GCF_900058335.1,GCF_900062355.1,GCF_900062485.1,GCF_900064195.1"
Thermotoga,maritima,4,6,"GCF_000230655.2,GCF_000390265.1,GCF_000978555.1,GCF_000978575.1"
Chlamydia,trachomatis,4,115,"GCF_000318645.1,GCF_000348825.1,GCF_000348845.1,GCF_001183805.1"
Mycoplasma,pneumoniae,4,54,"GCF_000319675.2,GCF_001272795.1,GCF_001272815.1,GCF_001296665.1"
Brucella,abortus,4,158,"GCF_000365665.1,GCF_000366685.1,GCF_000366805.1,GCF_000370525.1"
Salmonella,enterica,4,4650,"GCF_000623795.2,GCF_000624435.2,GCF_000624855.2,GCF_000626395.1"
Streptococcus,pyogenes,4,249,"GCF_000628465.1,GCF_000628565.1,GCF_000629985.1,GCF_000631405.1"
Mycobacterium,tuberculosis,4,3486,"GCF_000652395.1,GCF_000652775.1,GCF_000660445.1,GCF_000673195.1"
Mycobacterium,tuberculosis,4,3486,"GCF_000653595.1,GCF_000670855.1,GCF_000671215.1,GCF_000675195.1"
Mycobacterium,tuberculosis,4,3486,"GCF_000655315.1,GCF_000656235.1,GCF_000658095.1,GCF_000681175.1"
Mycobacterium,tuberculosis,4,3486,"GCF_000655775.1,GCF_000655795.1,GCF_000655855.1,GCF_000680215.1"
Mycobacterium,tuberculosis,4,3486,"GCF_000670295.1,GCF_000670755.1,GCF_000670815.1,GCF_000677095.1"
Mycobacterium,tuberculosis,4,3486,"GCF_000672095.1,GCF_000673015.1,GCF_000673235.1,GCF_000675415.1"
Listeria,monocytogenes,4,624,"GCF_000726265.1,GCF_000726275.1,GCF_000726505.1,GCF_000726695.1"
Listeria,monocytogenes,4,624,"GCF_000726865.1,GCF_000727305.1,GCF_000727725.1,GCF_000727945.1"
Listeria,monocytogenes,4,624,"GCF_000727345.1,GCF_000728385.1,GCF_000729355.1,GCF_000729385.1"
Listeria,monocytogenes,4,624,"GCF_000727845.1,GCF_000728345.1,GCF_000728425.1,GCF_000728615.1"
Streptococcus,suis,4,853,"GCF_000936515.1,GCF_000938095.1,GCF_000939095.1,GCF_000945695.1"
Xanthomonas,citri,4,51,"GCF_000961195.1,GCF_000961275.1,GCF_000961375.1,GCF_000961415.1"
Salmonella,enterica,4,4650,"GCF_001082045.1,GCF_001159985.1,GCF_001328655.1,GCF_001350335.1"
Salmonella,enterica,4,4650,"GCF_001082705.1,GCF_001099925.1,GCF_001165665.1,GCF_001360435.1"
Salmonella,enterica,4,4650,"GCF_001087005.1,GCF_001149145.1,GCF_001360495.1,GCF_001363255.1"
Staphylococcus,aureus,4,6497,"GCF_001091885.1,GCF_001120725.1,GCF_001148525.1,GCF_001351615.1"
Salmonella,enterica,4,4650,"GCF_001092145.1,GCF_001098665.1,GCF_001139045.1,GCF_001357715.1"
Salmonella,enterica,4,4650,"GCF_001097045.1,GCF_001105145.1,GCF_001221325.1,GCF_001623725.1"
Salmonella,enterica,4,4650,"GCF_001102745.1,GCF_001135105.1,GCF_001174625.1,GCF_001365515.1"
Neisseria,gonorrhoeae,4,326,"GCF_001103045.1,GCF_001103645.1,GCF_001354715.1,GCF_001354795.1"
Salmonella,enterica,4,4650,"GCF_001112305.1,GCF_001146825.1,GCF_001363435.1,GCF_001366515.1"
Staphylococcus,aureus,4,6497,"GCF_001113025.1,GCF_001138445.1,GCF_001167985.1,GCF_001351555.1"
Streptococcus,pneumoniae,4,7099,"GCF_001130225.1,GCF_001132045.1,GCF_001347675.1,GCF_001347795.1"
Streptococcus,equi,4,243,"GCF_001175165.1,GCF_001175865.1,GCF_001177745.1,GCF_900004825.1"
Streptococcus,equi,4,243,"GCF_001175345.1,GCF_001177725.1,GCF_001178385.1,GCF_001179205.1"
Streptococcus,equi,4,243,"GCF_001175445.1,GCF_001175905.1,GCF_001175945.1,GCF_001179365.1"
Streptococcus,equi,4,243,"GCF_001175825.1,GCF_001178285.1,GCF_001178645.1,GCF_001178725.1"
Streptococcus,equi,4,243,"GCF_001176205.1,GCF_001178985.1,GCF_001179265.1,GCF_001179385.1"
Burkholderia,pseudomallei,4,392,"GCF_001193035.1,GCF_001320865.1,GCF_001321365.1,GCF_001321405.1"
Staphylococcus,aureus,4,6497,"GCF_001195305.1,GCF_001201255.1,GCF_001212085.1,GCF_001351715.1"
Salmonella,enterica,4,4650,"GCF_001218825.1,GCF_001219985.1,GCF_001222245.1,GCF_001222365.1"
Campylobacter,jejuni,4,628,"GCF_001223765.1,GCF_001224965.1,GCF_001232745.1,GCF_001236905.1"
Campylobacter,jejuni,4,628,"GCF_001224265.1,GCF_001233465.1,GCF_001234145.1,GCF_001238065.1"
Campylobacter,jejuni,4,628,"GCF_001228165.1,GCF_001228565.1,GCF_001232905.1,GCF_001239025.1"
Mycobacterium,tuberculosis,4,3486,"GCF_001322345.1,GCF_001378015.1,GCF_001378315.1,GCF_001381755.1"
Mycobacterium,tuberculosis,4,3486,"GCF_001323205.1,GCF_001381955.1,GCF_001382975.1,GCF_001385775.1"
Mycobacterium,tuberculosis,4,3486,"GCF_001323885.1,GCF_001324505.1,GCF_001380355.1,GCF_001380795.1"
Staphylococcus,aureus,4,6497,"GCF_001350975.1,GCF_001351295.1,GCF_001351575.1,GCF_001351595.1"
Mycobacterium,tuberculosis,4,3486,"GCF_001378855.1,GCF_001379375.1,GCF_001384195.1,GCF_001386435.1"
Listeria,monocytogenes,4,624,"GCF_001586305.1,GCF_001586325.1,GCF_900032735.1,GCF_900039305.1"
Salmonella,enterica,4,4650,"GCF_900029295.1,GCF_900036745.1,GCF_900041485.1,GCF_900047095.1"
Legionella,pneumophila,4,488,"GCF_900049275.1,GCF_900061635.1,GCF_900061645.1,GCF_900061655.1"
Legionella,pneumophila,4,488,"GCF_900050555.1,GCF_900050975.1,GCF_900061675.1,GCF_900061695.1"
Legionella,pneumophila,4,488,"GCF_900050985.1,GCF_900058815.1,GCF_900059975.1,GCF_900060765.1"
Streptococcus,pneumoniae,4,7099,"GCF_900051865.1,GCF_900051905.1,GCF_900062995.1,GCF_900065225.1"
Streptococcus,pneumoniae,4,7099,"GCF_900055845.1,GCF_900057935.1,GCF_900060905.1,GCF_900062205.1"
Rickettsia,typhi,3,3,"GCF_000008045.1,GCF_000277285.1,GCF_000277305.1"
Bacillus,anthracis,3,103,"GCF_000008445.1,GCF_000022865.1,GCF_000833065.1"
Staphylococcus,aureus,3,6497,"GCF_000011265.1,GCF_001019125.1,GCF_001019535.1"
Francisella,philomiragia,3,8,"GCF_000019285.1,GCF_000833195.1,GCF_000833215.1"
Parascardovia,denticolens,3,4,"GCF_000163835.1,GCF_000191785.1,GCF_001042675.1"
Brucella,suis,3,44,"GCF_000223195.1,GCF_000250775.1,GCF_000366205.1"
Bifidobacterium,animalis,3,28,"GCF_000224965.2,GCF_000277325.1,GCF_000695895.1"
Mycobacterium,abscessus,3,241,"GCF_000270765.1,GCF_000270785.1,GCF_000270805.1"
Mycobacterium,abscessus,3,241,"GCF_000270885.1,GCF_000271165.1,GCF_000271285.1"
Rickettsia,parkeri,3,4,"GCF_000284195.1,GCF_000965085.1,GCF_000965145.1"
Chlamydia,trachomatis,3,115,"GCF_000318525.1,GCF_000318545.1,GCF_000318565.1"
Salmonella,enterica,3,4650,"GCF_000329205.1,GCF_000329265.1,GCF_000329645.1"
Helicobacter,pylori,3,487,"GCF_000345365.2,GCF_000345745.2,GCF_000345785.2"
Brucella,abortus,3,158,"GCF_000366485.1,GCF_000366545.1,GCF_000479995.1"
Brucella,abortus,3,158,"GCF_000413655.1,GCF_000478665.1,GCF_000742195.1"
Mycobacterium,tuberculosis,3,3486,"GCF_000443465.1,GCF_000445575.1,GCF_000445975.1"
Francisella,noatunensis,3,6,"GCF_000505725.1,GCF_001042525.1,GCF_001042565.1"
Staphylococcus,aureus,3,6497,"GCF_000537015.1,GCF_000597485.1,GCF_000606825.1"
Staphylococcus,aureus,3,6497,"GCF_000569715.1,GCF_000578275.1,GCF_000602305.1"
Staphylococcus,aureus,3,6497,"GCF_000570115.1,GCF_000596665.1,GCF_000602265.1"
Salmonella,enterica,3,4650,"GCF_000623255.2,GCF_000624935.2,GCF_000624995.2"
Streptococcus,pyogenes,3,249,"GCF_000628685.1,GCF_000630305.1,GCF_000631485.1"
Staphylococcus,aureus,3,6497,"GCF_000641055.1,GCF_000646355.1,GCF_000683875.1"
Mycobacterium,tuberculosis,3,3486,"GCF_000655535.1,GCF_000655575.1,GCF_000680735.1"
Mycobacterium,tuberculosis,3,3486,"GCF_000659885.1,GCF_000659905.1,GCF_000672995.1"
Mycobacterium,tuberculosis,3,3486,"GCF_000670255.1,GCF_000670835.1,GCF_000706165.1"
Mycobacterium,tuberculosis,3,3486,"GCF_000670995.1,GCF_000675435.1,GCF_000676155.1"
Mycobacterium,tuberculosis,3,3486,"GCF_000680055.1,GCF_000680315.1,GCF_000680815.1"
Clostridium,pasteurianum,3,4,"GCF_000724205.2,GCF_000807175.1,GCF_000807255.1"
Listeria,monocytogenes,3,624,"GCF_000725925.1,GCF_000725985.1,GCF_000726005.1"
Listeria,monocytogenes,3,624,"GCF_000726725.1,GCF_000728765.1,GCF_000728885.1"
Listeria,monocytogenes,3,624,"GCF_000726915.1,GCF_000727805.1,GCF_000728775.1"
Listeria,monocytogenes,3,624,"GCF_000727015.1,GCF_000728525.1,GCF_000729225.1"
Listeria,monocytogenes,3,624,"GCF_000727205.1,GCF_000727565.1,GCF_000728945.1"
Listeria,monocytogenes,3,624,"GCF_000727515.1,GCF_000728305.1,GCF_000728855.1"
Mycobacterium,smegmatis,3,8,"GCF_000767605.1,GCF_000767665.1,GCF_000767705.1"
Pseudomonas,aeruginosa,3,1547,"GCF_000823925.1,GCF_000824125.1,GCF_000824505.1"
Streptococcus,suis,3,853,"GCF_000877175.1,GCF_000938635.1,GCF_000945815.1"
Streptococcus,suis,3,853,"GCF_000937655.1,GCF_900052825.1,GCF_900056495.1"
Streptococcus,suis,3,853,"GCF_000941655.1,GCF_000943035.1,GCF_000946495.1"
Streptococcus,suis,3,853,"GCF_000942975.1,GCF_000945295.1,GCF_000946535.1"
Staphylococcus,aureus,3,6497,"GCF_000982775.1,GCF_001199015.1,GCF_001199175.1"
Escherichia,coli,3,4221,"GCF_000988355.1,GCF_000988385.1,GCF_000988465.1"
Staphylococcus,aureus,3,6497,"GCF_001047875.1,GCF_001351655.1,GCF_001352495.1"
Salmonella,enterica,3,4650,"GCF_001079365.1,GCF_001081465.1,GCF_001129105.1"
Salmonella,enterica,3,4650,"GCF_001079465.1,GCF_001358435.1,GCF_001360995.1"
Salmonella,enterica,3,4650,"GCF_001080605.1,GCF_001127105.1,GCF_001358895.1"
Salmonella,enterica,3,4650,"GCF_001080685.1,GCF_001360735.1,GCF_001360755.1"
Salmonella,enterica,3,4650,"GCF_001080745.1,GCF_001082585.1,GCF_001358235.1"
Salmonella,enterica,3,4650,"GCF_001081105.1,GCF_001082305.1,GCF_001082545.1"
Salmonella,enterica,3,4650,"GCF_001081445.1,GCF_001359435.1,GCF_001361015.1"
Salmonella,enterica,3,4650,"GCF_001081745.1,GCF_001082405.1,GCF_001091665.1"
Salmonella,enterica,3,4650,"GCF_001085225.1,GCF_001154205.1,GCF_001160865.1"
Salmonella,enterica,3,4650,"GCF_001091725.1,GCF_001092785.1,GCF_001120085.1"
Salmonella,enterica,3,4650,"GCF_001093385.1,GCF_001107585.1,GCF_001163385.1"
Neisseria,gonorrhoeae,3,326,"GCF_001100365.1,GCF_001116825.1,GCF_001166745.1"
Salmonella,enterica,3,4650,"GCF_001103485.1,GCF_001117685.1,GCF_001165305.1"
Salmonella,enterica,3,4650,"GCF_001108525.1,GCF_001156465.1,GCF_001160665.1"
Salmonella,enterica,3,4650,"GCF_001109325.1,GCF_001360055.1,GCF_001360835.1"
Neisseria,gonorrhoeae,3,326,"GCF_001117665.1,GCF_001125445.1,GCF_001319205.1"
Streptococcus,pneumoniae,3,7099,"GCF_001117765.1,GCF_001170225.1,GCF_001302015.1"
Neisseria,gonorrhoeae,3,326,"GCF_001120385.1,GCF_001151205.1,GCF_001153985.1"
Neisseria,gonorrhoeae,3,326,"GCF_001123845.1,GCF_001135285.1,GCF_001319125.1"
Salmonella,enterica,3,4650,"GCF_001127685.1,GCF_001142525.1,GCF_001165605.1"
Neisseria,gonorrhoeae,3,326,"GCF_001128265.1,GCF_001165585.1,GCF_001355375.1"
Salmonella,enterica,3,4650,"GCF_001130925.1,GCF_001218885.1,GCF_001326135.1"
Salmonella,enterica,3,4650,"GCF_001134165.1,GCF_001161545.1,GCF_001350355.1"
Salmonella,enterica,3,4650,"GCF_001140605.1,GCF_001359255.1,GCF_001360815.1"
Neisseria,gonorrhoeae,3,326,"GCF_001144185.1,GCF_001149765.1,GCF_001354915.1"
Salmonella,enterica,3,4650,"GCF_001146305.1,GCF_001147885.1,GCF_001364275.1"
Salmonella,enterica,3,4650,"GCF_001158025.1,GCF_001357655.1,GCF_001357675.1"
Salmonella,enterica,3,4650,"GCF_001158085.1,GCF_001173745.1,GCF_001367315.1"
Streptococcus,equi,3,243,"GCF_001175285.1,GCF_001177285.1,GCF_001177625.1"
Streptococcus,equi,3,243,"GCF_001176125.1,GCF_001177145.1,GCF_001179345.1"
Streptococcus,equi,3,243,"GCF_001177405.1,GCF_001178065.1,GCF_001178205.1"
Staphylococcus,aureus,3,6497,"GCF_001194505.1,GCF_001210205.1,GCF_001352515.1"
Staphylococcus,aureus,3,6497,"GCF_001195025.1,GCF_001210885.1,GCF_001352895.1"
Staphylococcus,aureus,3,6497,"GCF_001196165.1,GCF_001211965.1,GCF_001352555.1"
Burkholderia,pseudomallei,3,392,"GCF_001197015.1,GCF_001205935.1,GCF_001212025.1"
Staphylococcus,aureus,3,6497,"GCF_001200715.1,GCF_001200875.1,GCF_001205315.1"
Staphylococcus,aureus,3,6497,"GCF_001203755.1,GCF_001206215.1,GCF_001208925.1"
Staphylococcus,aureus,3,6497,"GCF_001207395.1,GCF_001352735.1,GCF_001352795.1"
Staphylococcus,aureus,3,6497,"GCF_001209545.1,GCF_001209625.1,GCF_001211925.1"
Mycobacterium,abscessus,3,241,"GCF_001212845.1,GCF_001213205.1,GCF_001215045.1"
Mycobacterium,abscessus,3,241,"GCF_001212865.1,GCF_001213965.1,GCF_001214085.1"
Salmonella,enterica,3,4650,"GCF_001221265.1,GCF_001221545.1,GCF_001221945.1"
Campylobacter,jejuni,3,628,"GCF_001224805.1,GCF_001232665.1,GCF_001239205.1"
Campylobacter,jejuni,3,628,"GCF_001225385.1,GCF_001225645.1,GCF_001231845.1"
Campylobacter,jejuni,3,628,"GCF_001226045.1,GCF_001233645.1,GCF_001238805.1"
Campylobacter,coli,3,257,"GCF_001226885.1,GCF_001228705.1,GCF_001239125.1"
Campylobacter,jejuni,3,628,"GCF_001227065.1,GCF_001232825.1,GCF_001235005.1"
Campylobacter,jejuni,3,628,"GCF_001227785.1,GCF_001228945.1,GCF_001231345.1"
Campylobacter,jejuni,3,628,"GCF_001232945.1,GCF_001234165.1,GCF_001237605.1"
Campylobacter,jejuni,3,628,"GCF_001233965.1,GCF_001234225.1,GCF_001238245.1"
Mycobacterium,tuberculosis,3,3486,"GCF_001322745.1,GCF_001380995.1,GCF_001383955.1"
Mycobacterium,tuberculosis,3,3486,"GCF_001323945.1,GCF_001375975.1,GCF_001378335.1"
Mycobacterium,tuberculosis,3,3486,"GCF_001324065.1,GCF_001378975.1,GCF_001380255.1"
Mycobacterium,tuberculosis,3,3486,"GCF_001324345.1,GCF_001381115.1,GCF_001381455.1"
Mycobacterium,tuberculosis,3,3486,"GCF_001375855.1,GCF_001376895.1,GCF_001383155.1"
Mycobacterium,tuberculosis,3,3486,"GCF_001376335.1,GCF_001380475.1,GCF_001380515.1"
Mycobacterium,tuberculosis,3,3486,"GCF_001378255.1,GCF_001378815.1,GCF_001383455.1"
Mycobacterium,tuberculosis,3,3486,"GCF_001382235.1,GCF_001383935.1,GCF_001386055.1"
Streptococcus,agalactiae,3,622,"GCF_001399395.1,GCF_001399415.1,GCF_001399435.1"
Listeria,monocytogenes,3,624,"GCF_001454865.1,GCF_001454885.1,GCF_001565835.1"
Salmonella,enterica,3,4650,"GCF_001478385.1,GCF_001478655.1,GCF_001479245.1"
Listeria,monocytogenes,3,624,"GCF_001481885.1,GCF_001482015.1,GCF_001482035.1"
Listeria,monocytogenes,3,624,"GCF_001555535.1,GCF_001555585.1,GCF_001555655.1"
Streptococcus,pneumoniae,3,7099,"GCF_001584795.1,GCF_001585045.1,GCF_001585855.1"
Elizabethkingia,anophelis,3,20,"GCF_001596175.2,GCF_001618465.2,GCF_001618545.2"
Streptococcus,pneumoniae,3,7099,"GCF_900027235.1,GCF_900028415.1,GCF_900049565.1"
Listeria,monocytogenes,3,624,"GCF_900034655.1,GCF_900034825.1,GCF_900041415.1"
Streptococcus,suis,3,853,"GCF_900050895.1,GCF_900054325.1,GCF_900055155.1"
Legionella,pneumophila,3,488,"GCF_900051675.1,GCF_900051755.1,GCF_900062875.1"
Streptococcus,suis,3,853,"GCF_900051975.1,GCF_900054125.1,GCF_900058285.1"
Legionella,pneumophila,3,488,"GCF_900052285.1,GCF_900059985.1,GCF_900062395.1"
Legionella,pneumophila,3,488,"GCF_900053365.1,GCF_900054405.1,GCF_900062515.1"
Legionella,pneumophila,3,488,"GCF_900053385.1,GCF_900058345.1,GCF_900064735.1"
Streptococcus,suis,3,853,"GCF_900054365.1,GCF_900055905.1,GCF_900057535.1"
Legionella,pneumophila,3,488,"GCF_900055205.1,GCF_900062385.1,GCF_900062435.1"
Legionella,pneumophila,3,488,"GCF_900055575.1,GCF_900060755.1,GCF_900070155.1"
Legionella,pneumophila,3,488,"GCF_900057245.1,GCF_900062505.1,GCF_900070135.1"
Streptococcus,suis,3,853,"GCF_900058015.1,GCF_900058025.1,GCF_900060955.1"
Legionella,pneumophila,3,488,"GCF_900058855.1,GCF_900063935.1,GCF_900065915.1"
Xanthomonas,citri,2,51,"GCF_000007165.1,GCF_000816885.1"
Idiomarina,loihiensis,2,2,"GCF_000008465.1,GCF_000401175.1"
Bacillus,subtilis,2,75,"GCF_000009045.1,GCF_000789275.1"
Francisella,tularensis,2,95,"GCF_000009245.1,GCF_000833335.1"
Mycobacterium,bovis,2,66,"GCF_000009445.1,GCF_000338715.2"
Escherichia,coli,2,4221,"GCF_000009565.1,GCF_000022665.1"
Burkholderia,multivorans,2,17,"GCF_000010545.1,GCF_000018505.1"
Hydrogenobacter,thermophilus,2,2,"GCF_000010785.1,GCF_000164905.1"
Francisella,tularensis,2,95,"GCF_000011405.1,GCF_000014605.1"
Bacillus,cereus,2,196,"GCF_000011625.1,GCF_000833045.1"
Burkholderia,thailandensis,2,22,"GCF_000012365.1,GCF_000959425.1"
Anaplasma,phagocytophilum,2,21,"GCF_000013125.1,GCF_000439755.1"
Francisella,tularensis,2,95,"GCF_000014645.1,GCF_000833375.1"
Vibrio,cholerae,2,437,"GCF_000016245.1,GCF_000021625.1"
Yersinia,pseudotuberculosis,2,40,"GCF_000019465.1,GCF_000834375.1"
Yersinia,pseudotuberculosis,2,40,"GCF_000020085.1,GCF_000834475.1"
Buchnera,aphidicola,2,12,"GCF_000021085.1,GCF_000174075.1"
Escherichia,coli,2,4221,"GCF_000022225.1,GCF_000181755.1"
Brucella,melitensis,2,66,"GCF_000022625.1,GCF_000367005.1"
Bifidobacterium,animalis,2,28,"GCF_000022705.1,GCF_000277345.1"
Bifidobacterium,dentium,2,6,"GCF_000024445.1,GCF_001042595.1"
Treponema,pallidum,2,14,"GCF_000024485.1,GCF_000410535.2"
Streptococcus,suis,2,853,"GCF_000026725.1,GCF_000993745.1"
Lawsonia,intracellularis,2,2,"GCF_000055945.1,GCF_000331715.1"
Chlamydia,trachomatis,2,115,"GCF_000068585.1,GCF_000318885.1"
Chlamydia,trachomatis,2,115,"GCF_000092485.1,GCF_000093005.1"
Chlamydia,trachomatis,2,115,"GCF_000092685.1,GCF_000092805.1"
Corynebacterium,pseudotuberculosis,2,35,"GCF_000143705.1,GCF_001481715.1"
Campylobacter,jejuni,2,628,"GCF_000148705.1,GCF_001412295.1"
Mycobacterium,tuberculosis,2,3486,"GCF_000154585.2,GCF_000162975.1"
Enterococcus,casseliflavus,2,9,"GCF_000157355.2,GCF_000273565.1"
Fusobacterium,nucleatum,2,34,"GCF_000158275.2,GCF_000234075.2"
Scardovia,inopinata,2,2,"GCF_000163755.1,GCF_001042695.1"
Atopobium,rimae,2,2,"GCF_000174015.1,GCF_001438885.1"
Chlamydia,muridarum,2,15,"GCF_000174975.1,GCF_000174995.1"
Streptococcus,pneumoniae,2,7099,"GCF_000180495.1,GCF_001457635.1"
Riemerella,anatipestifer,2,13,"GCF_000183155.1,GCF_000252855.1"
Salmonella,enterica,2,4650,"GCF_000188735.1,GCF_000210855.2"
Chlamydia,psittaci,2,48,"GCF_000191925.1,GCF_000204255.1"
Chlamydia,pecorum,2,12,"GCF_000204135.1,GCF_001466415.1"
Bacillus,atrophaeus,2,19,"GCF_000204725.1,GCF_000204765.1"
Vibrio,cholerae,2,437,"GCF_000221485.1,GCF_000234415.1"
Streptococcus,sobrinus,2,46,"GCF_000228205.1,GCF_000228385.1"
Rickettsia,slovaca,2,2,"GCF_000237845.1,GCF_000252365.1"
Corynebacterium,diphtheriae,2,24,"GCF_000241895.1,GCF_000255235.1"
Brucella,abortus,2,158,"GCF_000245915.1,GCF_000245935.1"
Aggregatibacter,actinomycetemcomitans,2,35,"GCF_000259915.1,GCF_001190115.1"
Burkholderia,pseudomallei,2,392,"GCF_000260515.1,GCF_000756085.1"
Staphylococcus,aureus,2,6497,"GCF_000263015.1,GCF_000263035.1"
Streptococcus,pneumoniae,2,7099,"GCF_000269665.1,GCF_000273445.1"
Lactococcus,garvieae,2,14,"GCF_000269925.1,GCF_000407645.1"
Mycobacterium,tuberculosis,2,3486,"GCF_000270365.1,GCF_000572195.1"
Mycobacterium,abscessus,2,241,"GCF_000270945.1,GCF_000523915.1"
Legionella,pneumophila,2,488,"GCF_000277025.1,GCF_000277065.1"
Salmonella,enterica,2,4650,"GCF_000280375.1,GCF_000329225.1"
Oenococcus,oeni,2,59,"GCF_000286235.1,GCF_000286255.1"
Chlamydia,psittaci,2,48,"GCF_000298555.2,GCF_001401475.1"
Streptococcus,agalactiae,2,622,"GCF_000299135.1,GCF_001190805.1"
Escherichia,coli,2,4221,"GCF_000304255.1,GCF_001244915.1"
Vibrio,cholerae,2,437,"GCF_000305015.2,GCF_000305545.2"
Vibrio,cholerae,2,437,"GCF_000305075.2,GCF_000327145.3"
Vibrio,cholerae,2,437,"GCF_000305585.2,GCF_000327205.3"
Streptococcus,intermedius,2,3,"GCF_000306805.1,GCF_000413475.1"
Helicobacter,pylori,2,487,"GCF_000307815.1,GCF_000307835.1"
Listeria,monocytogenes,2,624,"GCF_000318055.1,GCF_000600015.1"
Chlamydia,trachomatis,2,115,"GCF_000318765.1,GCF_000318785.1"
Chlamydia,trachomatis,2,115,"GCF_000319045.1,GCF_000319085.1"
Kinetoplastibacterium,crithidii,2,2,"GCF_000319225.1,GCF_000340825.1"
Kinetoplastibacterium,blastocrithidii,2,2,"GCF_000319245.1,GCF_000340925.1"
Mycoplasma,pneumoniae,2,54,"GCF_000319655.2,GCF_001272835.1"
Streptococcus,agalactiae,2,622,"GCF_000323105.1,GCF_000323165.1"
Vibrio,cholerae,2,437,"GCF_000327105.3,GCF_000327185.3"
Gordonia,hirsuta,2,2,"GCF_000333015.1,GCF_000420685.1"
Vibrio,cholerae,2,437,"GCF_000348185.2,GCF_001186655.1"
Staphylococcus,aureus,2,6497,"GCF_000360325.1,GCF_000551945.1"
Chlamydia,trachomatis,2,115,"GCF_000364765.1,GCF_000364785.1"
Brucella,abortus,2,158,"GCF_000366285.1,GCF_000369925.1"
Brucella,abortus,2,158,"GCF_000370025.1,GCF_000740945.1"
Brucella,suis,2,44,"GCF_000371225.1,GCF_000480135.1"
Brucella,suis,2,44,"GCF_000371325.1,GCF_000480155.1"
Mycoplasma,pneumoniae,2,54,"GCF_000387745.2,GCF_001272875.1"
Enterococcus,faecium,2,412,"GCF_000392165.1,GCF_000478305.1"
Helicobacter,pylori,2,487,"GCF_000392475.3,GCF_000439295.2"
Helicobacter,pylori,2,487,"GCF_000392515.3,GCF_000451005.1"
Enterococcus,malodoratus,2,2,"GCF_000393875.1,GCF_000407185.1"
Helicobacter,pylori,2,487,"GCF_000401395.1,GCF_001051495.1"
Corynebacterium,glutamicum,2,17,"GCF_000404145.1,GCF_000404185.1"
Enterococcus,sulfureus,2,2,"GCF_000407025.1,GCF_000407605.1"
Brucella,abortus,2,158,"GCF_000413555.1,GCF_000413675.1"
Brucella,abortus,2,158,"GCF_000413595.1,GCF_000413795.1"
Listeria,monocytogenes,2,624,"GCF_000438705.2,GCF_000438745.2"
Anaplasma,phagocytophilum,2,21,"GCF_000439775.1,GCF_000964685.1"
Streptococcus,constellatus,2,6,"GCF_000463395.1,GCF_000463445.1"
Salmonella,enterica,2,4650,"GCF_000465175.1,GCF_000468255.1"
Listeria,monocytogenes,2,624,"GCF_000465755.1,GCF_000465775.1"
Chlamydia,trachomatis,2,115,"GCF_000472205.1,GCF_000472225.1"
Helicobacter,pylori,2,487,"GCF_000476915.1,GCF_000477115.1"
Pseudomonas,aeruginosa,2,1547,"GCF_000484495.2,GCF_000484545.2"
Acinetobacter,oleivorans,2,3,"GCF_000488235.1,GCF_000836035.1"
Escherichia,coli,2,4221,"GCF_000512625.1,GCF_000806265.1"
Bacillus,wakoensis,2,2,"GCF_000513095.1,GCF_001315045.1"
Bacillus,hemicellulosilyticus,2,2,"GCF_000513115.1,GCF_001315065.1"
Bacillus,akibai,2,2,"GCF_000513135.1,GCF_001315085.1"
Bacillus,boroniphilus,2,2,"GCF_000517385.1,GCF_001315165.1"
Escherichia,coli,2,4221,"GCF_000520055.1,GCF_000662395.1"
Burkholderia,pseudomallei,2,392,"GCF_000520895.1,GCF_000521645.1"
Mycobacterium,tuberculosis,2,3486,"GCF_000524155.1,GCF_000524175.1"
Klebsiella,[Enterobacter] aerogenes,2,108,"GCF_000534235.1,GCF_000534255.1"
Staphylococcus,aureus,2,6497,"GCF_000536955.1,GCF_000569355.1"
Staphylococcus,aureus,2,6497,"GCF_000561085.1,GCF_000593565.1"
Listeria,ivanovii,2,6,"GCF_000565155.1,GCF_000763515.1"
Paenibacillus,pini,2,2,"GCF_000576305.1,GCF_001315125.1"
Staphylococcus,aureus,2,6497,"GCF_000579915.1,GCF_000605805.1"
Arcobacter,lanthieri,2,3,"GCF_000585115.1,GCF_000648635.1"
Staphylococcus,aureus,2,6497,"GCF_000609385.1,GCF_000610265.1"
Chryseobacterium,oranimense,2,2,"GCF_000612925.1,GCF_000820645.1"
Bartonella,henselae,2,11,"GCF_000612965.1,GCF_001291465.1"
Coxiella,burnetii,2,25,"GCF_000613025.1,GCF_000723305.1"
Salmonella,enterica,2,4650,"GCF_000623155.2,GCF_000623755.2"
Salmonella,enterica,2,4650,"GCF_000623315.1,GCF_000750215.1"
Salmonella,enterica,2,4650,"GCF_000623915.2,GCF_000624735.2"
Salmonella,enterica,2,4650,"GCF_000624355.2,GCF_000626055.1"
Salmonella,enterica,2,4650,"GCF_000624975.2,GCF_000625255.2"
Salmonella,enterica,2,4650,"GCF_000625655.1,GCF_000625855.1"
Salmonella,enterica,2,4650,"GCF_000626135.2,GCF_000626535.1"
Streptococcus,pyogenes,2,249,"GCF_000628065.1,GCF_000628625.1"
Streptococcus,pyogenes,2,249,"GCF_000628385.1,GCF_000628665.1"
Streptococcus,pyogenes,2,249,"GCF_000628605.1,GCF_000630565.1"
Streptococcus,pyogenes,2,249,"GCF_000630125.1,GCF_000630625.1"
Streptococcus,pyogenes,2,249,"GCF_000630965.1,GCF_000631045.1"
Streptococcus,pyogenes,2,249,"GCF_000631645.1,GCF_000631745.1"
Staphylococcus,aureus,2,6497,"GCF_000640595.1,GCF_000642175.1"
Staphylococcus,aureus,2,6497,"GCF_000640975.1,GCF_000644495.1"
Staphylococcus,aureus,2,6497,"GCF_000641035.1,GCF_000647155.1"
Staphylococcus,aureus,2,6497,"GCF_000641335.1,GCF_000642975.1"
Staphylococcus,aureus,2,6497,"GCF_000641775.1,GCF_000684055.1"
Mycobacterium,tuberculosis,2,3486,"GCF_000651395.1,GCF_000651415.1"
Mycobacterium,tuberculosis,2,3486,"GCF_000652475.1,GCF_000652675.1"
Mycobacterium,tuberculosis,2,3486,"GCF_000652755.1,GCF_000656755.1"
Mycobacterium,tuberculosis,2,3486,"GCF_000653535.1,GCF_000654135.1"
Mycobacterium,tuberculosis,2,3486,"GCF_000654675.1,GCF_000654695.1"
Mycobacterium,tuberculosis,2,3486,"GCF_000655115.1,GCF_000656075.1"
Mycobacterium,tuberculosis,2,3486,"GCF_000655375.1,GCF_000655875.1"
Mycobacterium,tuberculosis,2,3486,"GCF_000655435.1,GCF_000681255.1"
Mycobacterium,tuberculosis,2,3486,"GCF_000655955.1,GCF_000655995.1"
Mycobacterium,tuberculosis,2,3486,"GCF_000656375.1,GCF_000680335.1"
Mycobacterium,tuberculosis,2,3486,"GCF_000657155.1,GCF_000657175.1"
Mycobacterium,tuberculosis,2,3486,"GCF_000658905.1,GCF_000678935.1"
Mycobacterium,tuberculosis,2,3486,"GCF_000659045.1,GCF_000660625.1"
Mycobacterium,tuberculosis,2,3486,"GCF_000659485.1,GCF_000660725.1"
Mycobacterium,tuberculosis,2,3486,"GCF_000659945.1,GCF_000661445.1"
Mycobacterium,tuberculosis,2,3486,"GCF_000660085.1,GCF_000667885.1"
Mycobacterium,tuberculosis,2,3486,"GCF_000661365.1,GCF_000677875.1"
Mycobacterium,tuberculosis,2,3486,"GCF_000668255.1,GCF_000668935.1"
Mycobacterium,tuberculosis,2,3486,"GCF_000670055.1,GCF_000677035.1"
Mycobacterium,tuberculosis,2,3486,"GCF_000670115.1,GCF_000676935.1"
Mycobacterium,tuberculosis,2,3486,"GCF_000670155.1,GCF_000670315.1"
Mycobacterium,tuberculosis,2,3486,"GCF_000670775.1,GCF_000670875.1"
Mycobacterium,tuberculosis,2,3486,"GCF_000670955.1,GCF_000670975.1"
Mycobacterium,tuberculosis,2,3486,"GCF_000672355.1,GCF_000676675.1"
Mycobacterium,tuberculosis,2,3486,"GCF_000673355.1,GCF_000706545.1"
Mycobacterium,tuberculosis,2,3486,"GCF_000673395.1,GCF_000675695.1"
Mycobacterium,tuberculosis,2,3486,"GCF_000674875.1,GCF_000674975.1"
Mycobacterium,tuberculosis,2,3486,"GCF_000674935.1,GCF_000674955.1"
Mycobacterium,tuberculosis,2,3486,"GCF_000675135.1,GCF_000675155.1"
Mycobacterium,tuberculosis,2,3486,"GCF_000675315.1,GCF_000675975.1"
Mycobacterium,tuberculosis,2,3486,"GCF_000675995.1,GCF_000676015.1"
Mycobacterium,tuberculosis,2,3486,"GCF_000676715.1,GCF_000676735.1"
Mycobacterium,tuberculosis,2,3486,"GCF_000676955.1,GCF_000676975.1"
Mycobacterium,tuberculosis,2,3486,"GCF_000677715.1,GCF_000678715.1"
Mycobacterium,tuberculosis,2,3486,"GCF_000677935.1,GCF_000678295.1"
Mycobacterium,tuberculosis,2,3486,"GCF_000678015.1,GCF_000679735.1"
Mycobacterium,tuberculosis,2,3486,"GCF_000678055.1,GCF_000678135.1"
Mycobacterium,tuberculosis,2,3486,"GCF_000678875.1,GCF_000705905.1"
Mycobacterium,tuberculosis,2,3486,"GCF_000680255.1,GCF_000680575.1"
Mycobacterium,tuberculosis,2,3486,"GCF_000680475.1,GCF_000680935.1"
Helicobacter,pylori,2,487,"GCF_000685625.1,GCF_000689095.1"
Helicobacter,pylori,2,487,"GCF_000689015.1,GCF_000689055.1"
Salmonella,enterica,2,4650,"GCF_000698715.1,GCF_000748245.1"
Listeria,monocytogenes,2,624,"GCF_000725945.1,GCF_000726025.1"
Listeria,monocytogenes,2,624,"GCF_000726145.1,GCF_000726605.1"
Listeria,monocytogenes,2,624,"GCF_000727085.1,GCF_000727765.1"
Listeria,monocytogenes,2,624,"GCF_000727245.1,GCF_000729415.1"
Listeria,monocytogenes,2,624,"GCF_000727385.1,GCF_000728405.1"
Listeria,monocytogenes,2,624,"GCF_000727925.1,GCF_000729245.1"
Listeria,monocytogenes,2,624,"GCF_000728125.1,GCF_000729055.1"
Listeria,monocytogenes,2,624,"GCF_000728215.1,GCF_000729405.1"
Listeria,monocytogenes,2,624,"GCF_000728275.1,GCF_000728805.1"
Listeria,monocytogenes,2,624,"GCF_000729005.1,GCF_000729555.1"
Staphylococcus,aureus,2,6497,"GCF_000731195.1,GCF_000731275.1"
Pseudomonas,savastanoi,2,25,"GCF_000732035.1,GCF_000751155.1"
Streptococcus,pyogenes,2,249,"GCF_000732345.1,GCF_000767505.1"
Brucella,abortus,2,158,"GCF_000740175.1,GCF_000740215.1"
Bacillus,atrophaeus,2,19,"GCF_000742675.1,GCF_000830075.1"
Bacillus,anthracis,2,103,"GCF_000742895.1,GCF_000832445.1"
Lactobacillus,plantarum,2,83,"GCF_000743895.1,GCF_001633285.1"
Mycobacterium,tuberculosis,2,3486,"GCF_000746805.1,GCF_000827085.1"
Salmonella,enterica,2,4650,"GCF_000748065.1,GCF_000749085.1"
Salmonella,enterica,2,4650,"GCF_000748525.1,GCF_000749045.1"
Salmonella,enterica,2,4650,"GCF_000750395.2,GCF_000750415.2"
Legionella,massiliensis,2,2,"GCF_000756695.1,GCF_000756815.1"
Bifidobacterium,bifidum,2,24,"GCF_000771485.1,GCF_001025135.1"
Listeria,monocytogenes,2,624,"GCF_000787925.1,GCF_001027125.1"
Vibrio,cholerae,2,437,"GCF_000788515.1,GCF_000788775.1"
Pseudomonas,aeruginosa,2,1547,"GCF_000791725.1,GCF_000792165.1"
Pseudomonas,aeruginosa,2,1547,"GCF_000791825.1,GCF_000794625.1"
Escherichia,coli,2,4221,"GCF_000800215.1,GCF_000800765.1"
Listeria,monocytogenes,2,624,"GCF_000808125.1,GCF_000808135.1"
Legionella,pneumophila,2,488,"GCF_000823705.1,GCF_000823745.1"
Legionella,pneumophila,2,488,"GCF_000823725.1,GCF_000823765.1"
Legionella,pneumophila,2,488,"GCF_000823825.1,GCF_000823865.1"
Bifidobacterium,longum,2,55,"GCF_000825005.1,GCF_000825065.1"
Xanthomonas,citri,2,51,"GCF_000825545.1,GCF_000825565.1"
Escherichia,coli,2,4221,"GCF_000830035.1,GCF_001187545.1"
Bacillus,cereus,2,196,"GCF_000832765.1,GCF_000835185.1"
Streptococcus,suis,2,853,"GCF_000877115.1,GCF_000946955.1"
Streptococcus,suis,2,853,"GCF_000936735.1,GCF_000945795.1"
Streptococcus,suis,2,853,"GCF_000936895.1,GCF_000937595.1"
Streptococcus,suis,2,853,"GCF_000936915.1,GCF_900059105.1"
Streptococcus,suis,2,853,"GCF_000937175.1,GCF_000947055.1"
Streptococcus,suis,2,853,"GCF_000938935.1,GCF_000944935.1"
Bacteroides,uniformis,2,9,"GCF_000939155.1,GCF_001403955.1"
Streptococcus,suis,2,853,"GCF_000940055.1,GCF_000942475.1"
Streptococcus,suis,2,853,"GCF_000940375.1,GCF_000944875.1"
Streptococcus,suis,2,853,"GCF_000940735.1,GCF_000946175.1"
Streptococcus,suis,2,853,"GCF_000941135.1,GCF_000942495.1"
Streptococcus,suis,2,853,"GCF_000941815.1,GCF_000942795.1"
Streptococcus,suis,2,853,"GCF_000943115.1,GCF_000947555.1"
Streptococcus,suis,2,853,"GCF_000943295.1,GCF_000946695.1"
Streptococcus,suis,2,853,"GCF_000945055.1,GCF_000945735.1"
Streptococcus,suis,2,853,"GCF_000945215.1,GCF_900055855.1"
Streptococcus,suis,2,853,"GCF_000945255.1,GCF_000947755.1"
Streptococcus,suis,2,853,"GCF_000946015.1,GCF_000947075.1"
Streptococcus,suis,2,853,"GCF_000946995.1,GCF_000947595.1"
Xanthomonas,citri,2,51,"GCF_000961295.1,GCF_000961315.1"
Xanthomonas,citri,2,51,"GCF_000961435.1,GCF_000961475.1"
Escherichia,coli,2,4221,"GCF_000974535.1,GCF_000974825.1"
Filomicrobium,marinum,2,2,"GCF_000981545.1,GCF_000981565.1"
Bacillus,anthracis,2,103,"GCF_000986935.1,GCF_001273125.1"
Yersinia,enterocolitica,2,140,"GCF_000987925.1,GCF_001304755.1"
Bifidobacterium,scardovii,2,4,"GCF_001005065.1,GCF_001042635.1"
Staphylococcus,condimenti,2,2,"GCF_001014685.1,GCF_001618885.1"
Pasteurella,multocida,2,36,"GCF_001027685.1,GCF_001027735.1"
Bacillus,pumilus,2,22,"GCF_001038905.1,GCF_001043695.1"
Pseudomonas,aeruginosa,2,1547,"GCF_001045685.1,GCF_001457615.1"
Leptospira,interrogans,2,262,"GCF_001047635.1,GCF_001047655.1"
Listeria,monocytogenes,2,624,"GCF_001047715.1,GCF_001482075.1"
Staphylococcus,aureus,2,6497,"GCF_001049635.1,GCF_001049675.1"
Staphylococcus,aureus,2,6497,"GCF_001049655.1,GCF_001049695.1"
Nereida,ignava,2,2,"GCF_001049735.1,GCF_001404155.1"
Corynebacterium,aurimucosum,2,6,"GCF_001053555.1,GCF_001054395.1"
Enterococcus,faecalis,2,433,"GCF_001054015.1,GCF_001057515.1"
Aeromonas,hydrophila,2,29,"GCF_001055195.1,GCF_001057275.1"
Enterococcus,faecalis,2,433,"GCF_001055475.1,GCF_001057865.1"
Staphylococcus,aureus,2,6497,"GCF_001061355.1,GCF_001062485.1"
Moraxella,catarrhalis,2,23,"GCF_001062815.1,GCF_001062845.1"
Mycoplasma,hominis,2,11,"GCF_001063275.1,GCF_001063305.1"
Neisseria,elongata,2,4,"GCF_001064875.1,GCF_001064935.1"
Staphylococcus,epidermidis,2,306,"GCF_001075795.1,GCF_001075805.1"
Salmonella,enterica,2,4650,"GCF_001079665.1,GCF_001357375.1"
Salmonella,enterica,2,4650,"GCF_001079685.1,GCF_001080425.1"
Salmonella,enterica,2,4650,"GCF_001079765.1,GCF_001359675.1"
Salmonella,enterica,2,4650,"GCF_001079805.1,GCF_001359915.1"
Salmonella,enterica,2,4650,"GCF_001080005.1,GCF_001082865.1"
Salmonella,enterica,2,4650,"GCF_001080125.1,GCF_001082225.1"
Salmonella,enterica,2,4650,"GCF_001080145.1,GCF_001081405.1"
Salmonella,enterica,2,4650,"GCF_001080365.1,GCF_001361155.1"
Salmonella,enterica,2,4650,"GCF_001080505.1,GCF_001361955.1"
Salmonella,enterica,2,4650,"GCF_001080565.1,GCF_001080805.1"
Salmonella,enterica,2,4650,"GCF_001080845.1,GCF_001361875.1"
Salmonella,enterica,2,4650,"GCF_001080925.1,GCF_001360275.1"
Salmonella,enterica,2,4650,"GCF_001081345.1,GCF_001360195.1"
Salmonella,enterica,2,4650,"GCF_001081685.1,GCF_001081865.1"
Salmonella,enterica,2,4650,"GCF_001081825.1,GCF_001358855.1"
Salmonella,enterica,2,4650,"GCF_001082025.1,GCF_001359995.1"
Salmonella,enterica,2,4650,"GCF_001082605.1,GCF_001361135.1"
Salmonella,enterica,2,4650,"GCF_001082785.1,GCF_001118805.1"
Salmonella,enterica,2,4650,"GCF_001082945.1,GCF_001360795.1"
Neisseria,gonorrhoeae,2,326,"GCF_001084085.1,GCF_001173445.1"
Salmonella,enterica,2,4650,"GCF_001084205.1,GCF_001363555.1"
Streptococcus,pneumoniae,2,7099,"GCF_001084765.1,GCF_001299975.1"
Neisseria,gonorrhoeae,2,326,"GCF_001085725.1,GCF_001319105.1"
Salmonella,enterica,2,4650,"GCF_001085925.1,GCF_001360855.1"
Salmonella,enterica,2,4650,"GCF_001086945.1,GCF_001359895.1"
Neisseria,gonorrhoeae,2,326,"GCF_001088485.1,GCF_001131585.1"
Salmonella,enterica,2,4650,"GCF_001090325.1,GCF_001173525.1"
Mycobacterium,tuberculosis,2,3486,"GCF_001090405.1,GCF_001151685.1"
Neisseria,gonorrhoeae,2,326,"GCF_001092305.1,GCF_001161645.1"
Salmonella,enterica,2,4650,"GCF_001092765.1,GCF_001131365.1"
Neisseria,gonorrhoeae,2,326,"GCF_001094485.1,GCF_001146925.1"
Streptococcus,pneumoniae,2,7099,"GCF_001095065.1,GCF_001299835.1"
Streptococcus,pneumoniae,2,7099,"GCF_001095105.1,GCF_001169025.1"
Streptococcus,pneumoniae,2,7099,"GCF_001096005.1,GCF_001133865.1"
Neisseria,gonorrhoeae,2,326,"GCF_001096365.1,GCF_001132185.1"
Salmonella,enterica,2,4650,"GCF_001097825.1,GCF_001142285.1"
Neisseria,gonorrhoeae,2,326,"GCF_001099685.1,GCF_001319165.1"
Salmonella,enterica,2,4650,"GCF_001099765.1,GCF_001147545.1"
Streptococcus,pneumoniae,2,7099,"GCF_001102365.1,GCF_001174125.1"
Salmonella,enterica,2,4650,"GCF_001102865.1,GCF_001118165.1"
Streptococcus,pneumoniae,2,7099,"GCF_001104025.1,GCF_001154065.1"
Salmonella,enterica,2,4650,"GCF_001104465.1,GCF_001123625.1"
Streptococcus,pneumoniae,2,7099,"GCF_001104665.1,GCF_001147305.1"
Salmonella,enterica,2,4650,"GCF_001105525.1,GCF_001126385.1"
Streptococcus,pneumoniae,2,7099,"GCF_001108565.1,GCF_001129445.1"
Salmonella,enterica,2,4650,"GCF_001108725.1,GCF_001360355.1"
Salmonella,enterica,2,4650,"GCF_001110605.1,GCF_001363835.1"
Salmonella,enterica,2,4650,"GCF_001112085.1,GCF_001154045.1"
Salmonella,enterica,2,4650,"GCF_001113065.1,GCF_001365495.1"
Salmonella,enterica,2,4650,"GCF_001113765.1,GCF_001140585.1"
Streptococcus,pneumoniae,2,7099,"GCF_001114005.1,GCF_001155265.1"
Salmonella,enterica,2,4650,"GCF_001114745.1,GCF_001173685.1"
Salmonella,enterica,2,4650,"GCF_001119125.1,GCF_001356555.1"
Streptococcus,pneumoniae,2,7099,"GCF_001120765.1,GCF_001159865.1"
Mycobacterium,tuberculosis,2,3486,"GCF_001121545.1,GCF_001141705.1"
Salmonella,enterica,2,4650,"GCF_001121605.1,GCF_001159605.1"
Streptococcus,agalactiae,2,622,"GCF_001124065.1,GCF_001348655.1"
Salmonella,enterica,2,4650,"GCF_001124725.1,GCF_001360375.1"
Neisseria,gonorrhoeae,2,326,"GCF_001126045.1,GCF_001145045.1"
Staphylococcus,aureus,2,6497,"GCF_001126325.1,GCF_001351015.1"
Salmonella,enterica,2,4650,"GCF_001126705.1,GCF_001159465.1"
Salmonella,enterica,2,4650,"GCF_001128545.1,GCF_001360395.1"
Salmonella,enterica,2,4650,"GCF_001129245.1,GCF_001137305.1"
Salmonella,enterica,2,4650,"GCF_001130025.1,GCF_001222085.1"
Neisseria,gonorrhoeae,2,326,"GCF_001130425.1,GCF_001150325.1"
Neisseria,gonorrhoeae,2,326,"GCF_001130585.1,GCF_001143005.1"
Mycobacterium,tuberculosis,2,3486,"GCF_001131705.1,GCF_001350635.1"
Mycobacterium,tuberculosis,2,3486,"GCF_001134265.1,GCF_001138485.1"
Salmonella,enterica,2,4650,"GCF_001134365.1,GCF_001361235.1"
Salmonella,enterica,2,4650,"GCF_001134985.1,GCF_001148805.1"
Salmonella,enterica,2,4650,"GCF_001136605.1,GCF_001357895.1"
Salmonella,enterica,2,4650,"GCF_001138105.1,GCF_001359275.1"
Streptococcus,pneumoniae,2,7099,"GCF_001139645.1,GCF_001301635.1"
Streptococcus,pneumoniae,2,7099,"GCF_001139965.1,GCF_001197915.1"
Streptococcus,pneumoniae,2,7099,"GCF_001141965.1,GCF_001148985.1"
Streptococcus,pneumoniae,2,7099,"GCF_001143885.1,GCF_001146345.1"
Salmonella,enterica,2,4650,"GCF_001145105.1,GCF_001148085.1"
Salmonella,enterica,2,4650,"GCF_001148225.1,GCF_001150065.1"
Streptococcus,pneumoniae,2,7099,"GCF_001148445.1,GCF_001160205.1"
Staphylococcus,aureus,2,6497,"GCF_001150365.1,GCF_001164545.1"
Neisseria,gonorrhoeae,2,326,"GCF_001151425.1,GCF_001158885.1"
Salmonella,enterica,2,4650,"GCF_001151725.1,GCF_001359515.1"
Salmonella,enterica,2,4650,"GCF_001155025.1,GCF_001171165.1"
Salmonella,enterica,2,4650,"GCF_001157565.1,GCF_001364735.1"
Salmonella,enterica,2,4650,"GCF_001162325.1,GCF_001171245.1"
Salmonella,enterica,2,4650,"GCF_001165625.1,GCF_001355895.1"
Salmonella,enterica,2,4650,"GCF_001168785.1,GCF_001359155.1"
Salmonella,enterica,2,4650,"GCF_001172125.1,GCF_001358035.1"
Streptococcus,pneumoniae,2,7099,"GCF_001172305.1,GCF_001299795.1"
Streptococcus,equi,2,243,"GCF_001175045.1,GCF_001176005.1"
Streptococcus,equi,2,243,"GCF_001175365.1,GCF_001177545.1"
Streptococcus,equi,2,243,"GCF_001175385.1,GCF_001178325.1"
Streptococcus,equi,2,243,"GCF_001175405.1,GCF_001179245.1"
Streptococcus,equi,2,243,"GCF_001175665.1,GCF_001176105.1"
Streptococcus,equi,2,243,"GCF_001175845.1,GCF_001178305.1"
Streptococcus,equi,2,243,"GCF_001176185.1,GCF_001177005.1"
Streptococcus,equi,2,243,"GCF_001176285.1,GCF_001177445.1"
Streptococcus,equi,2,243,"GCF_001176365.1,GCF_001177685.1"
Streptococcus,equi,2,243,"GCF_001176565.1,GCF_001177365.1"
Streptococcus,equi,2,243,"GCF_001176645.1,GCF_001177065.1"
Streptococcus,equi,2,243,"GCF_001176745.1,GCF_001179105.1"
Streptococcus,equi,2,243,"GCF_001176825.1,GCF_001176965.1"
Streptococcus,equi,2,243,"GCF_001176905.1,GCF_001177865.1"
Streptococcus,equi,2,243,"GCF_001176945.1,GCF_001178965.1"
Streptococcus,equi,2,243,"GCF_001177605.1,GCF_001178085.1"
Streptococcus,equi,2,243,"GCF_001178345.1,GCF_001178585.1"
Streptococcus,equi,2,243,"GCF_001178365.1,GCF_001179325.1"
Streptococcus,equi,2,243,"GCF_001178445.1,GCF_001178705.1"
Streptococcus,equi,2,243,"GCF_001179065.1,GCF_001179405.1"
Streptococcus,equi,2,243,"GCF_001179165.1,GCF_001179465.1"
Vibrio,cholerae,2,437,"GCF_001186595.1,GCF_001187105.1"
Staphylococcus,aureus,2,6497,"GCF_001192095.1,GCF_001212745.1"
Staphylococcus,aureus,2,6497,"GCF_001192675.1,GCF_001210285.1"
Staphylococcus,aureus,2,6497,"GCF_001193115.1,GCF_001353475.1"
Staphylococcus,aureus,2,6497,"GCF_001193135.1,GCF_001352955.1"
Staphylococcus,aureus,2,6497,"GCF_001194165.1,GCF_001353075.1"
Staphylococcus,aureus,2,6497,"GCF_001194545.1,GCF_001353735.1"
Staphylococcus,aureus,2,6497,"GCF_001196435.1,GCF_001354315.1"
Staphylococcus,aureus,2,6497,"GCF_001196515.1,GCF_001207455.1"
Staphylococcus,aureus,2,6497,"GCF_001196815.1,GCF_001206735.1"
Staphylococcus,aureus,2,6497,"GCF_001197375.1,GCF_001353275.1"
Streptococcus,pneumoniae,2,7099,"GCF_001197415.1,GCF_001347335.1"
Burkholderia,pseudomallei,2,392,"GCF_001197775.1,GCF_001321585.1"
Burkholderia,pseudomallei,2,392,"GCF_001197795.1,GCF_001321165.1"
Burkholderia,pseudomallei,2,392,"GCF_001197955.1,GCF_001211305.1"
Staphylococcus,aureus,2,6497,"GCF_001198695.1,GCF_001352335.1"
Burkholderia,pseudomallei,2,392,"GCF_001199195.1,GCF_001321185.1"
Staphylococcus,aureus,2,6497,"GCF_001199375.1,GCF_001352855.1"
Staphylococcus,aureus,2,6497,"GCF_001199615.1,GCF_001207235.1"
Staphylococcus,aureus,2,6497,"GCF_001200275.1,GCF_001353175.1"
Burkholderia,pseudomallei,2,392,"GCF_001200615.1,GCF_001321015.1"
Burkholderia,pseudomallei,2,392,"GCF_001202415.1,GCF_001321125.1"
Staphylococcus,aureus,2,6497,"GCF_001204475.1,GCF_001352255.1"
Staphylococcus,aureus,2,6497,"GCF_001205895.1,GCF_001351935.1"
Staphylococcus,aureus,2,6497,"GCF_001206755.1,GCF_001207415.1"
Staphylococcus,aureus,2,6497,"GCF_001208945.1,GCF_001353035.1"
Staphylococcus,aureus,2,6497,"GCF_001209165.1,GCF_001352915.1"
Staphylococcus,aureus,2,6497,"GCF_001209185.1,GCF_001353715.1"
Staphylococcus,aureus,2,6497,"GCF_001209885.1,GCF_001352135.1"
Staphylococcus,aureus,2,6497,"GCF_001210265.1,GCF_001353795.1"
Burkholderia,pseudomallei,2,392,"GCF_001210705.1,GCF_001321485.1"
Staphylococcus,aureus,2,6497,"GCF_001211325.1,GCF_001352055.1"
Staphylococcus,aureus,2,6497,"GCF_001211625.1,GCF_001351895.1"
Staphylococcus,aureus,2,6497,"GCF_001211825.1,GCF_001354135.1"
Burkholderia,pseudomallei,2,392,"GCF_001212325.1,GCF_001321085.1"
Mycobacterium,abscessus,2,241,"GCF_001214185.1,GCF_001215265.1"
Mycobacterium,abscessus,2,241,"GCF_001214345.1,GCF_001215325.1"
Salmonella,enterica,2,4650,"GCF_001217205.1,GCF_001217945.1"
Salmonella,enterica,2,4650,"GCF_001217545.1,GCF_001222165.1"
Salmonella,enterica,2,4650,"GCF_001217845.1,GCF_001223205.1"
Salmonella,enterica,2,4650,"GCF_001218025.1,GCF_001221185.1"
Salmonella,enterica,2,4650,"GCF_001219765.1,GCF_001220285.1"
Salmonella,enterica,2,4650,"GCF_001220325.1,GCF_001223525.1"
Salmonella,enterica,2,4650,"GCF_001221105.1,GCF_001222565.1"
Salmonella,enterica,2,4650,"GCF_001221685.1,GCF_001223285.1"
Campylobacter,jejuni,2,628,"GCF_001223745.1,GCF_001237565.1"
Campylobacter,jejuni,2,628,"GCF_001223925.1,GCF_001234285.1"
Campylobacter,jejuni,2,628,"GCF_001224585.1,GCF_001225045.1"
Campylobacter,jejuni,2,628,"GCF_001224665.1,GCF_001230405.1"
Campylobacter,jejuni,2,628,"GCF_001225925.1,GCF_001231005.1"
Campylobacter,jejuni,2,628,"GCF_001226025.1,GCF_001239685.1"
Campylobacter,jejuni,2,628,"GCF_001226745.1,GCF_001236105.1"
Campylobacter,jejuni,2,628,"GCF_001227285.1,GCF_001232965.1"
Campylobacter,jejuni,2,628,"GCF_001227405.1,GCF_001229465.1"
Campylobacter,jejuni,2,628,"GCF_001227465.1,GCF_001237005.1"
Campylobacter,jejuni,2,628,"GCF_001227485.1,GCF_001237885.1"
Campylobacter,jejuni,2,628,"GCF_001229645.1,GCF_001292265.1"
Campylobacter,coli,2,257,"GCF_001229965.1,GCF_001230745.1"
Campylobacter,jejuni,2,628,"GCF_001230545.1,GCF_001237265.1"
Campylobacter,jejuni,2,628,"GCF_001230585.1,GCF_001231985.1"
Campylobacter,jejuni,2,628,"GCF_001230905.1,GCF_001232125.1"
Campylobacter,jejuni,2,628,"GCF_001231385.1,GCF_001235585.1"
Campylobacter,coli,2,257,"GCF_001232625.1,GCF_001234005.1"
Campylobacter,jejuni,2,628,"GCF_001233665.1,GCF_001235825.1"
Campylobacter,jejuni,2,628,"GCF_001235565.1,GCF_001236805.1"
Campylobacter,jejuni,2,628,"GCF_001236325.1,GCF_001239325.1"
Campylobacter,jejuni,2,628,"GCF_001236345.1,GCF_001239305.1"
Nautella,italica,2,3,"GCF_001258055.1,GCF_001404195.1"
Staphylococcus,aureus,2,6497,"GCF_001262255.1,GCF_001354055.1"
Burkholderia,pseudomallei,2,392,"GCF_001262315.1,GCF_001320685.1"
Bacillus,velezensis,2,16,"GCF_001267695.1,GCF_001461825.1"
Escherichia,coli,2,4221,"GCF_001268385.1,GCF_001269045.1"
Stenotrophomonas,maltophilia,2,100,"GCF_001274655.1,GCF_001274675.1"
Mycobacterium,immunogenum,2,13,"GCF_001296245.1,GCF_001296255.1"
Mycoplasma,pneumoniae,2,54,"GCF_001296615.1,GCF_001296855.1"
Mycoplasma,pneumoniae,2,54,"GCF_001296885.1,GCF_001296895.1"
Campylobacter,jejuni,2,628,"GCF_001299565.1,GCF_001299595.1"
Streptococcus,pneumoniae,2,7099,"GCF_001300335.1,GCF_001300355.1"
Cronobacter,sakazakii,2,45,"GCF_001309035.1,GCF_001309275.1"
Cronobacter,sakazakii,2,45,"GCF_001309185.1,GCF_001309345.1"
Cronobacter,sakazakii,2,45,"GCF_001309215.1,GCF_001309225.1"
Burkholderia,pseudomallei,2,392,"GCF_001321245.1,GCF_001321605.1"
Mycobacterium,tuberculosis,2,3486,"GCF_001321685.1,GCF_001377775.1"
Mycobacterium,tuberculosis,2,3486,"GCF_001321745.1,GCF_001377915.1"
Mycobacterium,tuberculosis,2,3486,"GCF_001321945.1,GCF_001381675.1"
Mycobacterium,tuberculosis,2,3486,"GCF_001322105.1,GCF_001385975.1"
Mycobacterium,tuberculosis,2,3486,"GCF_001322385.1,GCF_001385315.1"
Mycobacterium,tuberculosis,2,3486,"GCF_001322405.1,GCF_001376115.1"
Mycobacterium,tuberculosis,2,3486,"GCF_001323245.1,GCF_001323605.1"
Mycobacterium,tuberculosis,2,3486,"GCF_001323345.1,GCF_001386335.1"
Mycobacterium,tuberculosis,2,3486,"GCF_001323645.1,GCF_001384975.1"
Mycobacterium,tuberculosis,2,3486,"GCF_001323745.1,GCF_001384595.1"
Mycobacterium,tuberculosis,2,3486,"GCF_001324605.1,GCF_001384115.1"
Salmonella,enterica,2,4650,"GCF_001350315.1,GCF_001350435.1"
Salmonella,enterica,2,4650,"GCF_001350395.1,GCF_001365355.1"
Staphylococcus,aureus,2,6497,"GCF_001351075.1,GCF_001351135.1"
Staphylococcus,aureus,2,6497,"GCF_001351975.1,GCF_001354335.1"
Staphylococcus,aureus,2,6497,"GCF_001352275.1,GCF_001352675.1"
Staphylococcus,aureus,2,6497,"GCF_001352395.1,GCF_001353095.1"
Staphylococcus,aureus,2,6497,"GCF_001353455.1,GCF_001354255.1"
Neisseria,gonorrhoeae,2,326,"GCF_001354975.1,GCF_001355035.1"
Salmonella,enterica,2,4650,"GCF_001359755.1,GCF_001362475.1"
Salmonella,enterica,2,4650,"GCF_001359975.1,GCF_001360715.1"
Salmonella,enterica,2,4650,"GCF_001360455.1,GCF_001361315.1"
Salmonella,enterica,2,4650,"GCF_001360515.1,GCF_001360595.1"
Salmonella,enterica,2,4650,"GCF_001361175.1,GCF_001361195.1"
Salmonella,enterica,2,4650,"GCF_001361715.1,GCF_001362035.1"
Salmonella,enterica,2,4650,"GCF_001361735.1,GCF_001365795.1"
Salmonella,enterica,2,4650,"GCF_001364175.1,GCF_001366135.1"
Salmonella,enterica,2,4650,"GCF_001364655.1,GCF_001364915.1"
Mycobacterium,tuberculosis,2,3486,"GCF_001376395.1,GCF_001377675.1"
Mycobacterium,tuberculosis,2,3486,"GCF_001376615.1,GCF_001383435.1"
Mycobacterium,tuberculosis,2,3486,"GCF_001377175.1,GCF_001379655.1"
Mycobacterium,tuberculosis,2,3486,"GCF_001377515.1,GCF_001384315.1"
Mycobacterium,tuberculosis,2,3486,"GCF_001377635.1,GCF_001377935.1"
Mycobacterium,tuberculosis,2,3486,"GCF_001378095.1,GCF_001382915.1"
Mycobacterium,tuberculosis,2,3486,"GCF_001378115.1,GCF_001384275.1"
Mycobacterium,tuberculosis,2,3486,"GCF_001378595.1,GCF_001380595.1"
Mycobacterium,tuberculosis,2,3486,"GCF_001378655.1,GCF_001385815.1"
Mycobacterium,tuberculosis,2,3486,"GCF_001380455.1,GCF_001385215.1"
Mycobacterium,tuberculosis,2,3486,"GCF_001381075.1,GCF_001386295.1"
Mycobacterium,tuberculosis,2,3486,"GCF_001381875.1,GCF_001383255.1"
Mycobacterium,tuberculosis,2,3486,"GCF_001382595.1,GCF_001385575.1"
Mycobacterium,tuberculosis,2,3486,"GCF_001382815.1,GCF_001384495.1"
Mycobacterium,tuberculosis,2,3486,"GCF_001383095.1,GCF_001384875.1"
Streptococcus,agalactiae,2,622,"GCF_001398615.1,GCF_001398635.1"
Streptococcus,agalactiae,2,622,"GCF_001398675.1,GCF_001398695.1"
Streptococcus,agalactiae,2,622,"GCF_001398995.1,GCF_001399015.1"
Brucella,abortus,2,158,"GCF_001401995.1,GCF_001402025.1"
Campylobacter,jejuni,2,628,"GCF_001407535.1,GCF_001408095.1"
Campylobacter,jejuni,2,628,"GCF_001407995.1,GCF_001408075.1"
Campylobacter,coli,2,257,"GCF_001416935.1,GCF_001417335.1"
Bacillus,pumilus,2,22,"GCF_001431145.1,GCF_001431785.1"
Acinetobacter,baumannii,2,1277,"GCF_001441625.1,GCF_001441645.1"
Aeromonas,veronii,2,27,"GCF_001446645.1,GCF_001446855.1"
Aeromonas,veronii,2,27,"GCF_001446735.1,GCF_001446815.1"
Listeria,monocytogenes,2,624,"GCF_001466135.1,GCF_001466165.1"
Listeria,monocytogenes,2,624,"GCF_001466155.1,GCF_001466195.1"
Listeria,monocytogenes,2,624,"GCF_001482055.1,GCF_001482155.1"
Campylobacter,jejuni,2,628,"GCF_001506605.1,GCF_001506765.1"
Burkholderia,cepacia,2,65,"GCF_001529825.1,GCF_001530045.1"
Burkholderia,diffusa,2,11,"GCF_001532105.1,GCF_001532285.1"
Serratia,marcescens,2,282,"GCF_001537825.1,GCF_001540805.1"
Helicobacter,pylori,2,487,"GCF_001542385.1,GCF_001542465.1"
Helicobacter,pylori,2,487,"GCF_001542495.1,GCF_001542505.1"
Leptospira,interrogans,2,262,"GCF_001542585.1,GCF_001542605.1"
Listeria,monocytogenes,2,624,"GCF_001564615.1,GCF_001564895.1"
Listeria,monocytogenes,2,624,"GCF_001565095.1,GCF_001565115.1"
Leptospira,interrogans,2,262,"GCF_001567945.1,GCF_001569065.1"
Leptospira,interrogans,2,262,"GCF_001567975.1,GCF_001568805.1"
Leptospira,borgpetersenii,2,36,"GCF_001568495.1,GCF_001569465.1"
Bacteroides,fragilis,2,99,"GCF_001580095.1,GCF_001580105.1"
Legionella,pneumophila,2,488,"GCF_001582695.1,GCF_001582705.1"
Streptococcus,pneumoniae,2,7099,"GCF_001584995.1,GCF_001585185.1"
Streptococcus,pneumoniae,2,7099,"GCF_001585595.1,GCF_001585625.1"
Salmonella,enterica,2,4650,"GCF_001586555.1,GCF_001586685.1"
Bordetella,pertussis,2,327,"GCF_001605135.1,GCF_001628735.1"
Bordetella,pertussis,2,327,"GCF_001605405.1,GCF_001605425.1"
Streptococcus,pneumoniae,2,7099,"GCF_900017025.1,GCF_900043165.1"
Listeria,monocytogenes,2,624,"GCF_900017125.1,GCF_900026955.1"
Streptococcus,pneumoniae,2,7099,"GCF_900017205.1,GCF_900024655.1"
Staphylococcus,aureus,2,6497,"GCF_900017535.1,GCF_900043645.1"
Staphylococcus,aureus,2,6497,"GCF_900018065.1,GCF_900042125.1"
Streptococcus,pneumoniae,2,7099,"GCF_900018795.1,GCF_900026105.1"
Streptococcus,pneumoniae,2,7099,"GCF_900018815.1,GCF_900031815.1"
Staphylococcus,aureus,2,6497,"GCF_900019035.1,GCF_900019175.1"
Staphylococcus,aureus,2,6497,"GCF_900019095.1,GCF_900045565.1"
Streptococcus,pneumoniae,2,7099,"GCF_900019715.1,GCF_900021335.1"
Streptococcus,pneumoniae,2,7099,"GCF_900019825.1,GCF_900022825.1"
Haemophilus,influenzae,2,109,"GCF_900020195.1,GCF_900044695.1"
Streptococcus,pneumoniae,2,7099,"GCF_900020635.1,GCF_900031955.1"
Streptococcus,pneumoniae,2,7099,"GCF_900020675.1,GCF_900042955.1"
Streptococcus,pneumoniae,2,7099,"GCF_900020785.1,GCF_900023205.1"
Streptococcus,pneumoniae,2,7099,"GCF_900021045.1,GCF_900021705.1"
Haemophilus,influenzae,2,109,"GCF_900022515.1,GCF_900026995.1"
Streptococcus,pneumoniae,2,7099,"GCF_900022965.1,GCF_900033485.1"
Streptococcus,pneumoniae,2,7099,"GCF_900023325.1,GCF_900029665.1"
Streptococcus,pneumoniae,2,7099,"GCF_900023535.1,GCF_900031305.1"
Streptococcus,pneumoniae,2,7099,"GCF_900023585.1,GCF_900028595.1"
Streptococcus,pneumoniae,2,7099,"GCF_900023625.1,GCF_900033475.1"
Streptococcus,pneumoniae,2,7099,"GCF_900024055.1,GCF_900033575.1"
Streptococcus,pneumoniae,2,7099,"GCF_900024525.1,GCF_900034955.1"
Streptococcus,pneumoniae,2,7099,"GCF_900025395.1,GCF_900030015.1"
Listeria,monocytogenes,2,624,"GCF_900026895.1,GCF_900034875.1"
Streptococcus,pneumoniae,2,7099,"GCF_900027145.1,GCF_900030325.1"
Streptococcus,pneumoniae,2,7099,"GCF_900027625.1,GCF_900032385.1"
Listeria,monocytogenes,2,624,"GCF_900029135.1,GCF_900032705.1"
Haemophilus,influenzae,2,109,"GCF_900029195.1,GCF_900031505.1"
Salmonella,enterica,2,4650,"GCF_900029315.1,GCF_900041445.1"
Streptococcus,pneumoniae,2,7099,"GCF_900029425.1,GCF_900030215.1"
Streptococcus,pneumoniae,2,7099,"GCF_900030245.1,GCF_900043025.1"
Streptococcus,pneumoniae,2,7099,"GCF_900030265.1,GCF_900033425.1"
Streptococcus,pneumoniae,2,7099,"GCF_900030505.1,GCF_900036125.1"
Streptococcus,pneumoniae,2,7099,"GCF_900030705.1,GCF_900037115.1"
Streptococcus,pneumoniae,2,7099,"GCF_900031195.1,GCF_900032825.1"
Listeria,monocytogenes,2,624,"GCF_900032675.1,GCF_900037565.1"
Listeria,monocytogenes,2,624,"GCF_900032745.1,GCF_900035205.1"
Listeria,monocytogenes,2,624,"GCF_900032755.1,GCF_900035215.1"
Listeria,monocytogenes,2,624,"GCF_900033375.1,GCF_900034735.1"
Listeria,monocytogenes,2,624,"GCF_900034685.1,GCF_900035515.1"
Listeria,monocytogenes,2,624,"GCF_900034715.1,GCF_900035245.1"
Listeria,monocytogenes,2,624,"GCF_900034865.1,GCF_900036735.1"
Haemophilus,influenzae,2,109,"GCF_900034935.1,GCF_900035525.1"
Haemophilus,influenzae,2,109,"GCF_900035265.1,GCF_900041425.1"
Staphylococcus,aureus,2,6497,"GCF_900035735.1,GCF_900047505.1"
Salmonella,enterica,2,4650,"GCF_900036285.1,GCF_900044745.1"
Streptococcus,pneumoniae,2,7099,"GCF_900040705.1,GCF_900057385.1"
Staphylococcus,aureus,2,6497,"GCF_900042565.1,GCF_900050635.1"
Streptococcus,pneumoniae,2,7099,"GCF_900044815.1,GCF_900055015.1"
Streptococcus,suis,2,853,"GCF_900049115.1,GCF_900059515.1"
Legionella,pneumophila,2,488,"GCF_900049255.1,GCF_900050235.1"
Streptococcus,pneumoniae,2,7099,"GCF_900049705.1,GCF_900063715.1"
Legionella,pneumophila,2,488,"GCF_900050215.1,GCF_900056645.1"
Legionella,pneumophila,2,488,"GCF_900050565.1,GCF_900063825.1"
Staphylococcus,aureus,2,6497,"GCF_900050575.1,GCF_900052665.1"
Legionella,pneumophila,2,488,"GCF_900051005.1,GCF_900054385.1"
Streptococcus,suis,2,853,"GCF_900051285.1,GCF_900054595.1"
Legionella,pneumophila,2,488,"GCF_900051665.1,GCF_900063035.1"
Legionella,pneumophila,2,488,"GCF_900052055.1,GCF_900052255.1"
Legionella,pneumophila,2,488,"GCF_900052275.1,GCF_900060715.1"
Streptococcus,pneumoniae,2,7099,"GCF_900052605.1,GCF_900053655.1"
Streptococcus,pneumoniae,2,7099,"GCF_900052795.1,GCF_900057955.1"
Legionella,pneumophila,2,488,"GCF_900053375.1,GCF_900061615.1"
Legionella,pneumophila,2,488,"GCF_900053445.1,GCF_900062725.1"
Legionella,pneumophila,2,488,"GCF_900053705.1,GCF_900059965.1"
Streptococcus,suis,2,853,"GCF_900054315.1,GCF_900056585.1"
Streptococcus,suis,2,853,"GCF_900055145.1,GCF_900055515.1"
Legionella,pneumophila,2,488,"GCF_900056185.1,GCF_900062365.1"
Legionella,pneumophila,2,488,"GCF_900056245.1,GCF_900057275.1"
Streptococcus,suis,2,853,"GCF_900056605.1,GCF_900061425.1"
Streptococcus,suis,2,853,"GCF_900056615.1,GCF_900063015.1"
Legionella,pneumophila,2,488,"GCF_900056655.1,GCF_900065315.1"
Streptococcus,suis,2,853,"GCF_900056865.1,GCF_900065095.1"
Legionella,pneumophila,2,488,"GCF_900056915.1,GCF_900061455.1"
Legionella,pneumophila,2,488,"GCF_900057545.1,GCF_900057735.1"
Legionella,pneumophila,2,488,"GCF_900057565.1,GCF_900061625.1"
Legionella,pneumophila,2,488,"GCF_900057745.1,GCF_900061545.1"
Legionella,pneumophila,2,488,"GCF_900057765.1,GCF_900057775.1"
Staphylococcus,aureus,2,6497,"GCF_900057815.1,GCF_900059245.1"
Streptococcus,suis,2,853,"GCF_900058325.1,GCF_900061435.1"
Legionella,pneumophila,2,488,"GCF_900058605.1,GCF_900060775.1"
Legionella,pneumophila,2,488,"GCF_900059955.1,GCF_900070165.1"
Streptococcus,suis,2,853,"GCF_900060355.1,GCF_900063635.1"
Legionella,pneumophila,2,488,"GCF_900060705.1,GCF_900064175.1"
Streptococcus,suis,2,853,"GCF_900061045.1,GCF_900065815.1"
Legionella,pneumophila,2,488,"GCF_900061665.1,GCF_900061705.1"
Legionella,pneumophila,2,488,"GCF_900061935.1,GCF_900061945.1"
Legionella,pneumophila,2,488,"GCF_900063055.1,GCF_900070185.1"
Streptococcus,suis,2,853,"GCF_900064985.1,GCF_900064995.1"
