genus_index,genus,diameter,index1,acc1,index2,acc2
1,Acetobacter,0.9945698166431594,1859,GCF_000193495.1,19883,GCF_000755675.1
2,Achromobacter,0.9315043013252732,1685,GCF_000186185.1,44352,GCF_001571245.1
3,Acidaminococcus,0.14530864197530866,2480,GCF_000230275.1,8412,GCF_000425045.1
4,Acidiphilium,0.012114685691210122,1955,GCF_000202835.1,23533,GCF_000964345.1
5,Acidithiobacillus,0.9942594718714122,1429,GCF_000175575.2,2081,GCF_000214095.2
6,Acidovorax,0.976179875333927,276,GCF_000015325.1,1970,GCF_000204195.1
7,Acinetobacter,0.9918110836031232,8151,GCF_000413895.1,23667,GCF_000969465.1
8,Actinoalloteichus,0.14658803706823925,8463,GCF_000429185.1,18925,GCF_000716095.1
9,Actinobacillus,0.892129194104735,1526,GCF_000178535.1,4963,GCF_000307145.1
10,Actinobaculum,0.021134593993325918,5179,GCF_000315465.1,41677,GCF_001457435.1
11,Actinomyces,0.9987246253586991,1572,GCF_000180155.1,8357,GCF_000420405.1
12,Actinotignum,0.003991403131716303,8464,GCF_000429205.1,19035,GCF_000724605.1
13,Aerococcus,0.9974330766409975,8413,GCF_000425085.1,43642,GCF_001543105.1
14,Aeromonas,0.9732013907461888,20881,GCF_000786805.1,41280,GCF_001447335.1
15,Aggregatibacter,0.9664018752441724,2350,GCF_000226795.2,34920,GCF_001262035.1
16,Agrobacterium,0.9270978166923453,8508,GCF_000439225.1,16222,GCF_000648215.1
17,Akkermansia,0.25242139770526,390,GCF_000020225.1,19016,GCF_000723745.1
18,Alcaligenes,0.9090211400265122,8467,GCF_000429385.1,42612,GCF_001516865.1
19,Algibacter,0.36437718277066355,20164,GCF_000764755.1,20168,GCF_000764835.1
20,Alicycliphilus,0.4314164506245581,1540,GCF_000179015.2,1981,GCF_000204645.1
21,Aliivibrio,0.9584655152156033,404,GCF_000020845.1,43958,GCF_001557835.1
22,Altererythrobacter,0.0004829751267809708,24807,GCF_001028625.1,41713,GCF_001461885.1
23,Alteromonas,0.989722993325852,4708,GCF_000300175.1,45982,GCF_001632765.1
24,Amycolatopsis,0.9669928678056062,19449,GCF_000739085.1,43969,GCF_001558125.1
25,Anaerococcus,0.9919933277731443,1364,GCF_000173355.1,19974,GCF_000758765.1
26,Anaerostipes,0.511527193988027,5739,GCF_000332875.2,22510,GCF_000876135.1
27,Anaplasma,0.9981776765375854,2110,GCF_000215545.1,23546,GCF_000964745.1
28,Aneurinibacillus,0.3078718108276291,22620,GCF_000878885.1,35309,GCF_001274715.1
29,Anoxybacillus,0.005272633744855967,20277,GCF_000770375.1,31626,GCF_001187595.1
30,Aphanizomenon,0.6120889499441916,10861,GCF_000521175.1,20971,GCF_000789435.1
31,Arcobacter,0.9614164904862579,13635,GCF_000585195.1,24215,GCF_001010615.1
32,Ardenticatena,0.004476690336523618,35973,GCF_001293545.1,36293,GCF_001306175.1
33,Arenimonas,0.9810319671043906,19627,GCF_000747135.1,19628,GCF_000747175.1
34,Arthrospira,0.1447578499201703,2020,GCF_000210375.1,45526,GCF_001611905.1
35,Asticcacaulis,0.009010373286893315,7174,GCF_000376105.1,10297,GCF_000495775.1
36,Atopobium,0.9975629569455727,1382,GCF_000174015.1,25417,GCF_001049775.1
37,Aurantimonas,0.6483333333333333,8372,GCF_000421645.1,41783,GCF_001463865.1
38,Aureimonas,0.9201525746980292,7253,GCF_000382705.1,42043,GCF_001475555.1
39,Avibacterium,0.5280898876404494,2275,GCF_000221945.2,23663,GCF_000969305.1
40,Azospirillum,0.9530470853007369,23434,GCF_000960825.1,36430,GCF_001315015.1
41,Azotobacter,0.21330988773163803,7229,GCF_000380365.1,44348,GCF_001571105.1
42,Bacillus,0.9985165650238997,5758,GCF_000333935.1,42613,GCF_001516885.1
43,Bacteroides,0.9988658174838597,7169,GCF_000375405.1,14826,GCF_000613645.1
44,Bartonella,0.9962601843194872,4043,GCF_000278275.1,10796,GCF_000518185.1
45,Bellilinea,0.002324230098779779,25422,GCF_001050215.1,36291,GCF_001306055.1
46,Bergeyella,0.4764420959929547,4727,GCF_000301075.1,4728,GCF_000301095.1
47,Bibersteinia,0.400524246395806,6158,GCF_000347595.1,10875,GCF_000521765.1
48,Bifidobacterium,0.9961476074614761,8468,GCF_000429745.1,20325,GCF_000771585.1
49,Bilophila,0.3631796950735877,1677,GCF_000185705.2,18481,GCF_000701705.1
50,Blastochloris,0.0009044862518089725,40329,GCF_001402875.1,43808,GCF_001548155.2
51,Blautia,0.9939114939114939,8398,GCF_000424085.1,8505,GCF_000439125.1
52,Bordetella,0.9778782399035564,18123,GCF_000690115.2,21850,GCF_000813405.1
53,Borrelia,0.9782766111513396,10930,GCF_000523535.1,12932,GCF_000568695.1
54,Borreliella,0.8901554404145078,1157,GCF_000166655.1,1282,GCF_000170955.2
55,Brachyspira,0.9606859731435042,5270,GCF_000319185.1,24319,GCF_001013205.1
56,Bradyrhizobium,0.9695129786687227,8368,GCF_000421305.1,41077,GCF_001440405.1
57,Brevibacillus,0.9975347377857463,8893,GCF_000454065.1,19346,GCF_000733515.1
58,Brevibacterium,0.9484093821382806,5166,GCF_000314575.1,45269,GCF_001606005.1
59,Brevundimonas,0.4556882463859208,1965,GCF_000204035.1,24034,GCF_000988015.1
60,Brochothrix,0.011829492147664695,11001,GCF_000525935.1,15084,GCF_000620985.1
61,Brucella,0.1383485765812186,6924,GCF_000366585.1,8132,GCF_000413515.1
62,Buchnera,0.9566602931803697,1627,GCF_000183285.1,10865,GCF_000521525.1
63,Burkholderia,0.9736889966656562,19921,GCF_000756855.1,20458,GCF_000775165.1
64,Butyrivibrio,0.9904613153344117,8364,GCF_000420965.1,15095,GCF_000621465.1
65,Caballeronia,0.1276300119094879,18385,GCF_000698575.1,20377,GCF_000773055.1
66,Caldanaerobacter,0.5098634294385432,867,GCF_000156275.2,9541,GCF_000473865.1
67,Caldibacillus,0.3627764284801227,7264,GCF_000383875.1,44886,GCF_001587535.1
68,Campylobacter,0.9990478004189678,330,GCF_000017465.1,3203,GCF_000254135.1
69,Capnocytophaga,0.9968360320119114,1644,GCF_000183985.1,23105,GCF_000947275.1
70,Carnobacterium,0.9933448078026391,18719,GCF_000708655.1,19598,GCF_000744255.1
71,Catabacter,0.33827025050283416,23829,GCF_000981035.1,42501,GCF_001507385.1
72,Caulobacter,0.9560158547500319,439,GCF_000022005.1,19605,GCF_000745595.1
73,Cellulophaga,0.9924227318045863,1783,GCF_000190595.1,9416,GCF_000468615.2
74,Chania,0.0005545081512698237,10836,GCF_000520015.2,12925,GCF_000568195.1
75,Chlamydia,0.9980769230769231,1412,GCF_000174975.1,45919,GCF_001625535.1
76,Chlorogloeopsis,0.020869717079986028,5217,GCF_000317265.1,5218,GCF_000317285.1
77,Chromobacterium,0.9724272503605668,18797,GCF_000711885.1,24547,GCF_001020525.1
78,Chryseobacterium,0.0,14806,GCF_000612925.1,22024,GCF_000820645.1
79,Citrobacter,0.9651349983901385,22487,GCF_000835925.1,22745,GCF_000937455.2
80,Clostridium,0.9974943052391799,19032,GCF_000724425.2,25231,GCF_001042715.1
81,Collimonas,0.9554290094727044,44766,GCF_001584165.1,44767,GCF_001584185.1
82,Comamonas,0.9796419569572804,19464,GCF_000739875.1,43587,GCF_001541245.1
83,Corynebacterium,0.9979623969621191,3340,GCF_000258385.1,23711,GCF_000971845.1
84,Coxiella,0.19435654008438819,1234,GCF_000169495.2,44413,GCF_001572765.1
85,Crocosphaera,0.3694047733154414,25211,GCF_001039615.1,25442,GCF_001050835.1
86,Cronobacter,0.9734497398792082,5274,GCF_000319285.1,9914,GCF_000486025.1
87,Cupriavidus,0.9712820063135742,569,GCF_000069785.1,18729,GCF_000709045.1
88,Curtobacterium,0.9110987791342953,6212,GCF_000349565.1,42050,GCF_001475745.1
89,Dehalococcoides,0.9279614626669587,505,GCF_000025585.1,41698,GCF_001459095.1
90,Deinococcus,0.9251794005909667,9695,GCF_000478785.1,18023,GCF_000685985.1
91,Dermabacter,0.6480367321089296,20466,GCF_000775415.1,44344,GCF_001570785.1
92,Desulfitobacterium,0.5962594023175443,132,GCF_000010045.1,7205,GCF_000378805.1
93,Desulfotomaculum,0.31610886355277673,1779,GCF_000189755.2,2085,GCF_000214435.1
94,Desulfovibrio,0.9981580284552846,2057,GCF_000212675.2,5711,GCF_000331025.1
95,Dialister,0.49891696750902526,1632,GCF_000183445.1,1908,GCF_000194985.1
96,Dichelobacter,0.11776608660461352,277,GCF_000015345.1,34960,GCF_001263335.1
97,Dickeya,0.9400189309022069,7875,GCF_000404105.1,7885,GCF_000406145.1
98,Dietzia,0.6496216743958995,1687,GCF_000186325.1,44347,GCF_001571065.1
99,Dolichospermum,0.5598431696244325,8432,GCF_000426905.1,8433,GCF_000426925.1
100,Dorea,0.6018952618453866,1232,GCF_000169235.1,2331,GCF_000225745.1
101,Dyella,0.006254886630179828,4492,GCF_000292265.1,19051,GCF_000725385.1
102,Dysgonomonas,0.002921307285010042,2072,GCF_000213575.1,7177,GCF_000376405.1
103,Edwardsiella,0.9526809258716672,3515,GCF_000264805.1,35377,GCF_001277155.1
104,Eggerthella,0.2696166709544636,482,GCF_000024265.1,20119,GCF_000763035.1
105,Eggerthia,0.3016120644825793,5930,GCF_000340375.1,8385,GCF_000422605.1
106,Ehrlichia,0.9863411798895669,511,GCF_000026005.1,1182,GCF_000167655.1
107,Eikenella,0.6616403089371092,943,GCF_000158615.1,10476,GCF_000504685.1
108,Elizabethkingia,0.9725193836490332,6954,GCF_000367325.1,10301,GCF_000495955.1
109,Endozoicomonas,0.9927834631222734,7140,GCF_000373945.1,44742,GCF_001583435.1
110,Enhydrobacter,0.6025866619743093,1439,GCF_000175915.1,31644,GCF_001188545.1
111,Enterobacter,0.9884783902201547,48893,GCF_900048055.1,50657,GCF_900068835.1
112,Enterococcus,0.9963760612963346,7938,GCF_000407365.1,8192,GCF_000414985.1
113,Enterovibrio,0.9792364627970394,3509,GCF_000264435.1,4291,GCF_000286915.1
114,Eremococcus,0.30121200079475463,1624,GCF_000183205.1,8459,GCF_000428865.1
115,Erwinia,0.9888501742160278,6964,GCF_000367645.1,23796,GCF_000975275.1
116,Erysipelatoclostridium,0.512749827705031,7092,GCF_000371425.1,20145,GCF_000763955.1
117,Erysipelothrix,0.25228036485837735,1008,GCF_000160815.2,45222,GCF_001602155.1
118,Erythrobacter,0.0007528703180877094,24323,GCF_001013305.1,24569,GCF_001021555.1
119,Escherichia,0.9106814509388755,23655,GCF_000968885.2,42562,GCF_001514725.1
120,Exiguobacterium,0.9911616161616161,4683,GCF_000299435.1,42336,GCF_001482445.1
121,Facklamia,0.4528978667170096,4726,GCF_000301035.1,8129,GCF_000413455.1
122,Faecalitalea,0.5708502024291497,2024,GCF_000210615.1,9427,GCF_000469305.1
123,Ferrimicrobium,0.022574840503844267,19607,GCF_000745905.1,23184,GCF_000949255.1
124,Fibrobacter,0.0013723068478111707,488,GCF_000024665.1,708,GCF_000146505.1
125,Filomicrobium,0.0,23841,GCF_000981545.1,23842,GCF_000981565.1
126,Finegoldia,0.5955997904662127,138,GCF_000010185.1,1560,GCF_000179695.1
127,Flavobacterium,0.9972617743702081,20259,GCF_000769815.1,20260,GCF_000769825.1
128,Flavonifractor,0.477055743763474,2708,GCF_000239295.1,20025,GCF_000760655.1
129,Fluoribacter,0.22060766182298547,2642,GCF_000236145.1,2643,GCF_000236165.1
130,Francisella,0.9678321678321679,3441,GCF_000262205.1,40553,GCF_001412545.1
131,Franconibacter,0.9093285207542473,9910,GCF_000485945.1,15087,GCF_000621185.1
132,Fructobacillus,0.011296395911780527,25343,GCF_001047095.1,41061,GCF_001438695.1
133,Fulvimarina,0.0016273393002441008,813,GCF_000153705.1,41782,GCF_001463845.1
134,Fusobacterium,0.9963959325524521,938,GCF_000158315.2,14250,GCF_000600355.1
135,Gallibacterium,0.6035242290748899,7219,GCF_000379785.1,20358,GCF_000772445.1
136,Gardnerella,0.9987193169690501,8166,GCF_000414425.1,9362,GCF_000466365.1
137,Gemella,0.5940907492085825,1974,GCF_000204335.2,18480,GCF_000701685.1
138,Geobacillus,0.9884994188536123,10315,GCF_000496575.1,45173,GCF_001598935.1
139,Geobacter,0.9751367478866235,226,GCF_000012925.1,23438,GCF_000961035.1
140,Glaciecola,0.002503390007301554,5174,GCF_000315035.1,8460,GCF_000428905.1
141,Gluconacetobacter,0.2581247665296974,422,GCF_000021325.1,564,GCF_000067045.1
142,Gluconobacter,0.9800242480226314,186,GCF_000011685.1,13288,GCF_000576285.1
143,Glycomyces,0.006070640176600441,8446,GCF_000427885.1,18923,GCF_000715885.1
144,Gordonia,0.9834494216882868,5745,GCF_000333015.1,7273,GCF_000385355.1
145,Granulibacter,0.4222332383194944,255,GCF_000014285.1,13282,GCF_000576085.1
146,Granulicoccus,0.016814660872850936,8387,GCF_000423085.1,43849,GCF_001552335.1
147,Grimontia,0.004895675486653456,1461,GCF_000176515.1,43972,GCF_001558255.1
148,Haemophilus,0.9961899923799847,8700,GCF_000444645.1,31517,GCF_001184445.1
149,Hafnia,0.9403516459440214,23828,GCF_000980975.1,43995,GCF_001559255.1
150,Halomonas,0.9889514108514396,8034,GCF_000409775.1,40866,GCF_001431725.1
151,Hamiltonella,0.5929971088981689,433,GCF_000021705.1,3338,GCF_000258345.2
152,Helicobacter,0.9990564257407057,3914,GCF_000274845.2,20186,GCF_000765885.1
153,Herbaspirillum,0.9614105746265161,4717,GCF_000300435.1,44349,GCF_001571165.1
154,Histophilus,0.43069087688219665,190,GCF_000011785.1,375,GCF_000019405.1
155,Hungatella,0.28876636802205374,7093,GCF_000371445.1,9507,GCF_000471805.1
156,Hydrogenobacter,0.0,156,GCF_000010785.1,1133,GCF_000164905.1
157,Hydrogenophaga,0.033665655252131194,19009,GCF_000723405.1,44351,GCF_001571205.1
158,Hydrogenovibrio,0.009449071108263934,18345,GCF_000696325.1,18778,GCF_000711315.1
159,Idiomarina,0.0,78,GCF_000008465.1,7835,GCF_000401175.1
160,Intestinimonas,0.43318122555410693,20174,GCF_000765135.1,41599,GCF_001454945.1
161,Janthinobacterium,0.005611914526224908,19003,GCF_000723165.1,44350,GCF_001571185.1
162,Jejuia,0.012923076923076923,20166,GCF_000764795.1,20473,GCF_000775755.1
163,Jeotgalibaca,0.2456597222222222,31772,GCF_001192875.1,34963,GCF_001263715.1
164,Jonquetella,0.14218479068615308,1043,GCF_000161995.1,2681,GCF_000237805.1
165,Kandleria,0.3053001170372847,15102,GCF_000621925.1,41039,GCF_001436965.1
166,Ketogulonicigenium,0.003972687771570453,1132,GCF_000164885.1,2298,GCF_000223375.1
167,Kinetoplastibacterium,0.9912559618441972,5271,GCF_000319225.1,5272,GCF_000319245.1
168,Kingella,0.4052543320290665,9452,GCF_000470215.1,19767,GCF_000751135.1
169,Kitasatospora,0.0024285714285714284,3722,GCF_000269985.1,18933,GCF_000716965.1
170,Klebsiella,0.9555726882860309,24585,GCF_001022115.1,24826,GCF_001030125.1
171,Kocuria,0.9817734702733979,42066,GCF_001476175.1,42439,GCF_001499775.1
172,Komagataeibacter,0.973220989405189,1117,GCF_000164395.1,23537,GCF_000964485.1
173,Kordiimonas,0.005816412859560068,7172,GCF_000375545.1,14913,GCF_000616065.1
174,Kosakonia,0.6863702670133823,4137,GCF_000280495.1,22555,GCF_000877295.1
175,Kutzneria,0.007017890679055056,10998,GCF_000525635.1,18922,GCF_000715805.1
176,Kytococcus,0.5745950554134698,25826,GCF_001061885.1,25907,GCF_001064185.1
177,Labrenzia,0.9867542761785565,40351,GCF_001405815.1,40352,GCF_001406035.1
178,Lachnoanaerobaculum,0.503149055283415,1670,GCF_000185385.1,3321,GCF_000257705.1
179,Lachnobacterium,0.24641266699653636,15105,GCF_000622065.1,18052,GCF_000687515.1
180,Lachnoclostridium,0.9976743059256747,7094,GCF_000371485.1,18492,GCF_000703105.1
181,Lachnospira,0.32522600086095566,15103,GCF_000621945.1,18487,GCF_000702205.1
182,Lactobacillus,0.9997259523157029,1977,GCF_000204435.1,40966,GCF_001434705.1
183,Lactococcus,0.9926661401331378,2077,GCF_000213885.1,11300,GCF_000534815.1
184,Laribacter,0.28044232994728047,408,GCF_000021025.1,8390,GCF_000423285.1
185,Lawsonella,0.13575482406356412,35470,GCF_001281505.1,35957,GCF_001293125.1
186,Lawsonia,0.0,558,GCF_000055945.1,5720,GCF_000331715.1
187,Lechevalieria,0.0018578352180936995,18964,GCF_000719205.1,23777,GCF_000974445.1
188,Leclercia,0.33479075577763895,19372,GCF_000735515.1,42650,GCF_001518835.1
189,Legionella,0.9987563220296825,15093,GCF_000621365.1,23288,GCF_000953655.1
190,Leminorella,0.004819590986062264,8503,GCF_000439085.1,19367,GCF_000735425.1
191,Leptolinea,0.0007634559104211731,25423,GCF_001050275.1,36292,GCF_001306095.1
192,Leptospira,0.9985608552631579,332,GCF_000017605.1,44770,GCF_001584305.1
193,Leptospirillum,0.4275489104501352,4680,GCF_000299235.1,35445,GCF_001280545.1
194,Leptotrichia,0.9907906168549088,10762,GCF_000516535.1,43861,GCF_001553045.1
195,Leucobacter,0.6857787083266227,2496,GCF_000231305.1,42103,GCF_001477055.1
196,Leuconostoc,0.9923148579413135,22028,GCF_000820965.1,43586,GCF_001541125.1
197,Liberibacter,0.9961354853375767,19039,GCF_000724755.1,43650,GCF_001543305.1
198,Listeria,0.9942442220844772,541,GCF_000027145.1,25425,GCF_001050305.1
199,Lonsdalea,0.004694323144104804,18071,GCF_000688675.1,18072,GCF_000688695.1
200,Lysinibacillus,0.992057686278608,1511,GCF_000178135.1,20375,GCF_000773015.1
201,Lysinimicrobium,0.7972682433286961,23696,GCF_000971415.1,23698,GCF_000971455.1
202,Lysobacter,0.9836248982912937,20264,GCF_000769985.1,41153,GCF_001442785.1
203,Mageeibacillus,0.25663716814159293,499,GCF_000025225.2,19342,GCF_000733145.1
204,Mannheimia,0.9617957746478873,810,GCF_000153645.1,10870,GCF_000521655.1
205,Marinagarivorans,0.21145789694176792,35949,GCF_001292705.1,36045,GCF_001296225.1
206,Marinilabilia,0.006437768240343348,3360,GCF_000259075.1,14868,GCF_000614895.1
207,Marinobacter,0.5909497406546235,278,GCF_000015365.1,4218,GCF_000284615.1
208,Mariprofundus,0.46475163070747616,814,GCF_000153765.1,7214,GCF_000379405.1
209,Megasphaera,0.44280575539568345,15101,GCF_000621885.1,36280,GCF_001304715.1
210,Meiothermus,0.2079284881461329,6123,GCF_000346125.2,20855,GCF_000785645.1
211,Melissococcus,0.1982032565974172,4203,GCF_000283975.1,25351,GCF_001047435.1
212,Mesoplasma,0.4089904200442152,72,GCF_000008305.1,9714,GCF_000479355.1
213,Mesorhizobium,0.9381596250463634,22189,GCF_000824745.1,45765,GCF_001618825.1
214,Methylacidiphilum,0.00811642877134061,4637,GCF_000297415.1,23281,GCF_000953475.1
215,Methylobacter,0.6630164894632966,1784,GCF_000190755.2,19351,GCF_000733835.1
216,Methylobacterium,0.9709641476043783,361,GCF_000018845.1,25257,GCF_001043875.1
217,Methylococcus,0.294949197467236,73,GCF_000008325.1,4643,GCF_000297615.1
218,Methyloversatilis,0.9057473059503358,2080,GCF_000214035.1,7141,GCF_000374245.1
219,Microbacterium,0.9674926300693172,42106,GCF_001477115.1,43852,GCF_001552475.1
220,Micrococcus,0.6076214405360134,1575,GCF_000180435.1,25988,GCF_001066245.1
221,Microcystis,0.7228183458361029,5730,GCF_000332585.1,20906,GCF_000787675.1
222,Microthrix,0.29250457038391225,4682,GCF_000299415.1,8942,GCF_000455525.1
223,Mobiluncus,0.9918012422360248,767,GCF_000148485.1,1672,GCF_000185425.1
224,Moellerella,0.5605036138960131,24544,GCF_001020485.1,35994,GCF_001294465.1
225,Moorella,0.35971802618328297,230,GCF_000013105.1,13290,GCF_000576385.2
226,Moranella,0.008465608465608466,2217,GCF_000219175.1,6862,GCF_000364725.1
227,Moraxella,0.956587709685577,1845,GCF_000192925.1,25922,GCF_001064535.1
228,Morganella,0.8318562729848676,20276,GCF_000770295.1,34962,GCF_001263435.1
229,Moritella,0.003073484213467449,4481,GCF_000291685.1,7243,GCF_000381865.1
230,Mycetocola,0.0005286343612334801,18945,GCF_000718075.1,18946,GCF_000718085.1
231,Mycobacterium,0.9963486516092014,23795,GCF_000975265.1,32825,GCF_001215425.1
232,Mycoplasma,1.0,68,GCF_000008205.1,1954,GCF_000200735.1
233,Myroides,0.9910884786760026,2809,GCF_000243275.1,15613,GCF_000633375.1
234,Myxococcus,0.012629652226967663,218,GCF_000012685.1,4052,GCF_000278585.1
235,Nautella,0.39474809682661877,34433,GCF_001251095.1,34749,GCF_001258055.1
236,Neisseria,0.9895185645763013,2306,GCF_000224275.1,7327,GCF_000386885.2
237,Neorhizobium,0.8460531015597095,19300,GCF_000731295.1,24006,GCF_000985875.1
238,Nereida,0.0,25416,GCF_001049735.1,40343,GCF_001404155.1
239,Nitratireductor,0.4093260125726108,3519,GCF_000265055.1,14910,GCF_000615975.1
240,Nitrosococcus,0.4322406697885625,222,GCF_000012805.1,19488,GCF_000740735.1
241,Nocardia,0.9837940896091516,31775,GCF_001192935.1,42345,GCF_001482675.1
242,Nocardiopsis,0.9405711502161602,5946,GCF_000341225.1,43855,GCF_001552695.1
243,Nodularia,0.020229504317993613,1229,GCF_000169135.1,5934,GCF_000340565.2
244,Nonlabens,0.8363451776649746,19332,GCF_000732625.1,19874,GCF_000755285.1
245,Novosphingobium,0.9838100102145046,1838,GCF_000192575.1,20211,GCF_000767465.1
246,Oblitimonas,0.41984564498346194,35090,GCF_001267295.1,35091,GCF_001267315.1
247,Oceanobacillus,0.3866840421750977,14805,GCF_000612865.1,42408,GCF_001485235.1
248,Ochrobactrum,0.901066324498916,327,GCF_000017405.1,5737,GCF_000332835.1
249,Oenococcus,0.992059991177768,2762,GCF_000241055.1,20083,GCF_000762125.1
250,Oligella,0.4133102852203976,7108,GCF_000372065.1,19977,GCF_000759065.1
251,Oligotropha,0.053829150955662465,424,GCF_000021365.1,2211,GCF_000218585.1
252,Olsenella,0.2968192397207137,10953,GCF_000524335.1,41059,GCF_001437585.1
253,Oribacterium,0.10991820040899795,2685,GCF_000238055.2,4018,GCF_000277505.1
254,Orientia,0.7536488279522335,561,GCF_000063545.1,23563,GCF_000965195.1
255,Ornithobacterium,0.06088141753748296,3525,GCF_000265465.1,19915,GCF_000756505.1
256,Paenarthrobacter,0.3177109440267335,10671,GCF_000514015.1,10673,GCF_000514155.1
257,Paenibacillus,0.9980393580713093,808,GCF_000153605.1,14159,GCF_000598085.1
258,Paeniclostridium,0.5796024200518582,38933,GCF_001372395.1,38938,GCF_001372495.1
259,Pandoraea,0.9359975023415548,13811,GCF_000590495.2,41795,GCF_001465595.1
260,Pannonibacter,0.40860774119006354,31645,GCF_001188555.1,42371,GCF_001484065.1
261,Pantoea,0.9992280972597453,23710,GCF_000971765.1,42076,GCF_001476375.1
262,Parabacteroides,0.9930425631431244,224,GCF_000012845.1,8455,GCF_000428565.1
263,Paraburkholderia,0.991330528148578,12863,GCF_000566705.1,17996,GCF_000685055.1
264,Parachlamydia,0.1639686684073107,1444,GCF_000176075.1,22504,GCF_000875975.1
265,Paraclostridium,0.6112057220708447,8834,GCF_000452245.2,10349,GCF_000498455.1
266,Paracoccus,0.9682774143630865,10798,GCF_000518905.1,20140,GCF_000763825.1
267,Paraglaciecola,0.007621410847217299,5175,GCF_000315075.1,6160,GCF_000347635.1
268,Parascardovia,0.30804179918218993,1096,GCF_000163835.1,3718,GCF_000269845.1
269,Parvimonas,0.5219907407407407,10261,GCF_000493795.1,21401,GCF_000800295.1
270,Pasteurella,0.9897320310543452,7221,GCF_000379905.1,8087,GCF_000412125.1
271,Pectobacterium,0.8974128008807486,15588,GCF_000632375.1,19858,GCF_000754765.1
272,Pediococcus,0.9976779128534353,5273,GCF_000319265.1,45508,GCF_001611155.1
273,Pedobacter,0.0002931261908251502,478,GCF_000023825.1,8062,GCF_000410815.1
274,Pelagibacter,0.553314121037464,7121,GCF_000372905.1,7268,GCF_000384455.1
275,Pelosinus,0.1677150974025974,3781,GCF_000271485.2,3783,GCF_000271545.1
276,Peptoniphilus,0.9835469345341185,1477,GCF_000176955.1,43746,GCF_001546555.1
277,Peptostreptococcus,0.3265189147879251,1510,GCF_000178095.1,7239,GCF_000381525.1
278,Phaeobacter,0.00561052738957462,10617,GCF_000511385.1,21999,GCF_000819625.1
279,Photobacterium,0.9943812940312055,21670,GCF_000808615.1,41627,GCF_001455895.1
280,Photorhabdus,0.9364655083787395,14791,GCF_000612035.1,18996,GCF_000722995.1
281,Phytoplasma,0.20561797752808988,570,GCF_000069925.1,7769,GCF_000397185.1
282,Piscirickettsia,0.639968996253714,13281,GCF_000576045.2,19971,GCF_000758485.1
283,Planktothrix,0.00720384204909285,9327,GCF_000464765.1,9328,GCF_000464845.1
284,Planomicrobium,0.36329552009228994,10665,GCF_000513535.1,35180,GCF_001270075.1
285,Plesiomonas,0.5021988527724666,7551,GCF_000392595.1,21851,GCF_000813415.1
286,Pluralibacter,0.5174956977792347,25177,GCF_001038375.1,35350,GCF_001276415.1
287,Pontibacillus,0.9953744364424146,8415,GCF_000425225.1,20467,GCF_000775595.1
288,Porphyromonas,0.9990536704069217,1635,GCF_000183605.1,10601,GCF_000509245.1
289,Portiera,0.0410958904109589,4662,GCF_000298385.1,4706,GCF_000300075.1
290,Prevotella,0.9986049350422879,7126,GCF_000373185.1,14830,GCF_000613725.1
291,Prochlorococcus,0.9989670945846245,20003,GCF_000759935.1,45975,GCF_001632145.1
292,Profftella,0.004640371229698376,8602,GCF_000441555.1,35418,GCF_001278785.1
293,Prolixibacter,0.005171654929577465,14866,GCF_000614865.1,15098,GCF_000621705.1
294,Propionibacterium,0.9956508919357216,676,GCF_000145055.1,44994,GCF_001592325.1
295,Propionimicrobium,0.4546026420633256,8069,GCF_000411175.1,8393,GCF_000423485.1
296,Proteus,0.5902292238251172,4648,GCF_000297815.1,41753,GCF_001463025.1
297,Protochlamydia,0.4296131253797853,181,GCF_000011565.1,21855,GCF_000813625.1
298,Providencia,0.9836225596529284,11017,GCF_000527275.1,41752,GCF_001463005.1
299,Pseudoalteromonas,0.9953102916613131,5846,GCF_000336495.1,10342,GCF_000498075.1
300,Pseudobacteroides,0.006305976969475416,19606,GCF_000745845.1,34937,GCF_001262605.1
301,Pseudomonas,0.9918032786885246,24066,GCF_001005765.1,42094,GCF_001476825.1
302,Pseudorhodobacter,0.005546240165097382,8363,GCF_000420745.1,32207,GCF_001202045.1
303,Pseudothermotoga,0.9973941368078176,10468,GCF_000504085.1,10469,GCF_000504105.1
304,Pseudoxanthomonas,0.5725244072524407,10799,GCF_000519025.1,11012,GCF_000526975.1
305,Psychrobacter,0.022768434670116428,18018,GCF_000685805.1,44969,GCF_001591185.1
306,Rahnella,0.2984849523548365,19371,GCF_000735505.1,21395,GCF_000799835.1
307,Raoultella,0.6727955175977806,19423,GCF_000737915.1,22671,GCF_000935285.1
308,Rathayibacter,0.07858910891089109,8417,GCF_000425325.1,24020,GCF_000986985.1
309,Regiella,0.6788295434514366,623,GCF_000143625.1,4220,GCF_000284655.1
310,Rhizobium,0.9713598001279669,5114,GCF_000312665.1,21396,GCF_000799895.1
311,Rhodanobacter,0.9017094017094017,2486,GCF_000230695.2,3507,GCF_000264375.1
312,Rhodobacter,0.983015022269193,295,GCF_000015985.1,10519,GCF_000505785.1
313,Rhodococcus,0.9836676089199982,18353,GCF_000696675.2,20033,GCF_000760835.1
314,Rhodonellum,0.006250662146413815,7240,GCF_000381545.1,9538,GCF_000473765.1
315,Rhodopirellula,0.879463107491611,1937,GCF_000196115.1,5854,GCF_000338295.1
316,Rhodospirillum,0.014364124722643933,229,GCF_000013085.1,2336,GCF_000225955.1
317,Rhodothermus,0.6356812933025404,489,GCF_000024845.1,2315,GCF_000224745.1
318,Rhodovulum,0.5104926596415383,43806,GCF_001548075.1,45988,GCF_001633145.1
319,Richelia,0.647725321888412,6224,GCF_000350105.1,6225,GCF_000350125.1
320,Rickettsia,0.9845281072717896,348,GCF_000018245.1,7276,GCF_000385495.1
321,Riemerella,0.6946423041189222,25451,GCF_001051075.1,34958,GCF_001263145.1
322,Roseburia,0.5377451419360616,1387,GCF_000174195.1,40354,GCF_001406855.1
323,Roseomonas,0.37623762376237624,15108,GCF_000622225.1,41822,GCF_001466485.1
324,Rothia,0.9891095451633568,1130,GCF_000164695.2,43811,GCF_001548235.1
325,Rubrivivax,0.7721870487615239,3312,GCF_000257145.1,8353,GCF_000420125.1
326,Ruegeria,0.9915230423379543,7180,GCF_000376545.2,41692,GCF_001458195.1
327,Ruminiclostridium,0.997717329275252,6218,GCF_000349885.2,7246,GCF_000382085.1
328,Ruminococcus,0.9981390793339863,847,GCF_000155205.1,36420,GCF_001312825.1
329,Ruthia,0.015284854099119963,275,GCF_000015105.1,10929,GCF_000523495.1
330,Saccharicrinis,0.009228374471870136,10779,GCF_000517085.1,13580,GCF_000583675.1
331,Saccharomonospora,0.9518645357686454,479,GCF_000023865.1,2490,GCF_000231055.2
332,Saccharopolyspora,0.9712948517940717,8822,GCF_000448385.1,10328,GCF_000497205.1
333,Salinibacter,0.3621337340345605,227,GCF_000013045.1,581,GCF_000090405.2
334,Salinispora,0.9229889439573008,7154,GCF_000375045.1,10687,GCF_000514675.1
335,Salinivibrio,0.26512166859791425,10666,GCF_000513715.1,12796,GCF_000565325.1
336,Salmonella,0.9615481024715496,3155,GCF_000252995.1,44338,GCF_001570325.1
337,Sanguibacteroides,0.16742309631870902,22368,GCF_000832075.1,22369,GCF_000832085.1
338,Scardovia,0.9940889611349195,1093,GCF_000163755.1,3709,GCF_000269605.1
339,Selenomonas,0.9895247828308635,1002,GCF_000160555.1,18483,GCF_000701885.1
340,Serratia,0.9867787597901847,9620,GCF_000476315.1,46049,GCF_900002265.1
341,Shewanella,0.9955059509111561,269,GCF_000014705.1,23304,GCF_000956365.1
342,Shigella,0.6063076785234298,200,GCF_000012005.1,34812,GCF_001259375.1
343,Shimwellia,0.009786208973200844,3445,GCF_000262305.1,5572,GCF_000327265.1
344,Simiduia,0.0038548451415658645,4918,GCF_000305785.2,8355,GCF_000420285.1
345,Singulisphaera,0.007868207523973445,2790,GCF_000242455.2,3269,GCF_000255675.1
346,Sinorhizobium,0.9607784986098239,3433,GCF_000261925.1,7114,GCF_000372345.1
347,Smaragdicoccus,0.000946073793755913,7234,GCF_000380645.1,43858,GCF_001552795.1
348,Snodgrassella,0.20271270036991368,18334,GCF_000695545.1,18335,GCF_000695565.1
349,Solibacillus,0.36303030303030304,3777,GCF_000271325.1,44848,GCF_001586195.1
350,Solobacterium,0.5262083049693669,1698,GCF_000186945.2,8411,GCF_000425005.1
351,Sorangium,0.871992561311069,8306,GCF_000418325.1,44951,GCF_001589285.1
352,Sphingobacterium,0.6966828177413343,627,GCF_000143765.1,973,GCF_000159515.1
353,Sphingobium,0.9690752304490039,6955,GCF_000367345.1,15581,GCF_000632125.1
354,Sphingomonas,0.977973825660201,3382,GCF_000259955.1,7209,GCF_000379045.1
355,Sphingopyxis,0.949977467327625,36426,GCF_001314325.1,45169,GCF_001598815.1
356,Spirochaeta,0.6522299561742717,720,GCF_000147075.1,1653,GCF_000184345.1
357,Spiroplasma,0.9862933799941674,2639,GCF_000236085.2,10783,GCF_000517365.1
358,Sporolactobacillus,0.9952207718096868,7194,GCF_000377985.1,16207,GCF_000647835.1
359,Sporomusa,0.007679360403955397,8394,GCF_000423685.1,8723,GCF_000445445.1
360,Staphylococcus,0.9943793593824067,26078,GCF_001068615.1,42119,GCF_001477405.1
361,Stenotrophomonas,0.9686773943722571,4987,GCF_000308335.1,40864,GCF_001431595.1
362,Stigmatella,0.012571359164338637,1136,GCF_000165485.1,1196,GCF_000168055.1
363,Streptacidiphilus,0.006419939577039275,19601,GCF_000744705.1,20908,GCF_000787755.1
364,Streptococcus,0.9975079076008818,254,GCF_000014205.1,6030,GCF_000343855.1
365,Streptomyces,0.9820986401461336,7225,GCF_000380165.1,21916,GCF_000816465.1
366,Streptosporangium,0.6853183196188827,490,GCF_000024865.1,19058,GCF_000725815.1
367,Sulfitobacter,0.9872109872109872,16197,GCF_000647535.1,18799,GCF_000712275.1
368,Sulfobacillus,0.3865389299342372,4556,GCF_000294425.1,10334,GCF_000497695.1
369,Sulfurimonas,0.006045949214026602,866,GCF_000156095.1,2803,GCF_000242915.1
370,Sulfurospirillum,0.6762281569403231,21848,GCF_000813325.1,43805,GCF_001548055.1
371,Sutterella,0.40537541610159045,1692,GCF_000186505.1,8071,GCF_000411515.1
372,Synechococcus,0.03869323447636701,133,GCF_000010065.1,215,GCF_000012525.1
373,Tannerella,0.32440923371124164,24081,GCF_001006485.1,43801,GCF_001547855.1
374,Tatlockia,0.0003428767358134751,23287,GCF_000953635.1,41837,GCF_001467875.1
375,Tatumella,0.0017267180844940716,8527,GCF_000439895.1,19373,GCF_000735525.1
376,Taylorella,0.975625,1678,GCF_000185745.1,18057,GCF_000687755.1
377,Tepidanaerobacter,0.0002365744026496333,2067,GCF_000213235.1,5614,GCF_000328765.2
378,Tepidimonas,0.4775923495218451,21618,GCF_000807215.1,42302,GCF_001481285.1
379,Teredinibacter,0.8020896821941663,7113,GCF_000372325.1,8430,GCF_000426805.1
380,Terrisporobacter,0.010459469555472544,7138,GCF_000373865.1,8504,GCF_000439105.1
381,Tetragenococcus,0.9724987555998009,8395,GCF_000423785.1,45008,GCF_001593045.1
382,Thalassobacter,0.5994477680625863,20173,GCF_000765015.1,41695,GCF_001458315.1
383,Thalassobius,0.0232800918676271,41693,GCF_001458255.1,41694,GCF_001458275.1
384,Thalassolituus,0.3819115721623527,6445,GCF_000355675.1,13544,GCF_000582555.1
385,Thalassospira,0.481365931136196,4710,GCF_000300235.2,45747,GCF_001618165.1
386,Thauera,0.004160665706513042,5024,GCF_000310205.1,15091,GCF_000621305.1
387,Thermacetogenium,0.013585638039786511,4924,GCF_000305935.1,10803,GCF_000519285.1
388,Thermoanaerobacter,0.8430044182621502,1834,GCF_000192295.1,36404,GCF_001310975.1
389,Thermoanaerobacterium,0.563114643675064,697,GCF_000145615.1,5613,GCF_000328545.1
390,Thermobifida,0.06317654005117103,7854,GCF_000401915.1,44991,GCF_001592045.1
391,Thermodesulfobacterium,0.006365372374283896,19353,GCF_000734015.1,19609,GCF_000746435.1
392,Thermodesulfovibrio,0.028428736073761045,36418,GCF_001312085.1,42553,GCF_001514535.1
393,Thermosipho,0.35563973063973064,420,GCF_000021285.1,4720,GCF_000300715.1
394,Thermotoga,0.9367951127819549,19762,GCF_000750655.1,23812,GCF_000978535.1
395,Thermus,0.9421716394955398,1700,GCF_000187005.1,7847,GCF_000401495.1
396,Tistrella,0.6129394586094575,3510,GCF_000264455.2,45193,GCF_001601315.1
397,Trabulsiella,0.869703329740768,31641,GCF_001188485.1,36113,GCF_001297785.1
398,Treponema,0.9987956643918106,1438,GCF_000175895.1,45928,GCF_001628695.1
399,Tropheryma,0.13515269655620532,40,GCF_000007485.1,6618,GCF_000359325.1
400,Trueperella,0.41515151515151516,14792,GCF_000612055.1,35456,GCF_001281085.1
401,Turicella,0.21583722848501513,4621,GCF_000296405.1,24039,GCF_000988215.1
402,Ureaplasma,0.8897142857142857,1238,GCF_000169595.1,1297,GCF_000171375.1
403,Varibaculum,0.3596673596673597,8352,GCF_000420065.1,43865,GCF_001553285.1
404,Variovorax,0.9379566083683861,24769,GCF_001026885.1,40230,GCF_001399625.1
405,Veillonella,0.9950471128291858,491,GCF_000024945.1,19986,GCF_000759285.1
406,Verrucosispora,0.010695893305163079,1968,GCF_000204155.1,42500,GCF_001507315.1
407,Vibrio,0.9950455121557783,1458,GCF_000176435.1,7818,GCF_000400265.1
408,Virgibacillus,0.38234165067178505,4563,GCF_000294755.1,36401,GCF_001310895.1
409,Waddlia,0.006198929275852353,610,GCF_000092785.1,45750,GCF_001618265.1
410,Weissella,0.9964881474978051,2228,GCF_000219805.1,8356,GCF_000420365.1
411,Wenxinia,0.004814876307487963,7215,GCF_000379485.1,22497,GCF_000836695.1
412,Wohlfahrtiimonas,0.5268333333333334,7168,GCF_000375345.1,45981,GCF_001632485.1
413,Wolbachia,0.9377965208223511,576,GCF_000073005.1,9577,GCF_000475015.1
414,Xanthomonas,0.9843813885027394,21474,GCF_000803155.1,23509,GCF_000963115.1
415,Xenorhabdus,0.9690404093139814,19395,GCF_000736695.1,20856,GCF_000785665.1
416,Xylella,0.5980020232675771,2218,GCF_000219235.1,43830,GCF_001549815.1
417,Yersinia,0.9852879107627374,1221,GCF_000168835.1,22444,GCF_000834255.1
418,Yokenella,0.28461749383054563,2709,GCF_000239335.1,19370,GCF_000735455.1
419,Zymomonas,0.5145900880037054,481,GCF_000024245.1,4025,GCF_000277755.1
