diameter,outgoing_overlaps,incoming_overlaps
0.016888045,0,1
0.58687973,0,0
0.31457192,0,1
0.35193944,0,2
0.0010673394,0,2
0.3958209,0,2
0.43722942,0,3
0.0,0,1
0.4430138,0,3
0.2079285,0,0
0.4793937,0,2
0.0024285715,0,2
0.37732378,0,1
0.5920513,0,1
0.3873056,0,1
0.59344506,0,2
0.005995905,0,1
0.33225095,0,1
0.0062548867,0,1
0.012629652,0,1
0.012571359,0,1
0.37881875,0,1
0.23933649,0,1
0.52478135,0,2
0.39670658,0,1
0.13089006,0,1
0.5,0,2
0.36507937,0,2
0.17335059,0,1
0.6792691,0,2
0.0885214,0,2
0.07932875,0,1
0.22,0,1
0.17726398,0,1
0.26827928,0,2
0.0076086954,0,1
0.23559321,0,1
0.00466563,0,1
0.5847273,0,1
0.41219157,0,1
0.38483277,0,0
0.46254545,0,2
0.33803988,0,1
0.30695444,0,1
0.04109589,0,1
0.023280092,0,1
0.47705576,0,1
0.4800668,0,1
0.35736996,0,1
0.02213667,0,1
0.011296396,0,2
0.0071399705,0,1
0.21627516,0,1
0.24565972,0,2
0.30825242,0,2
0.22505091,0,1
0.13623978,0,1
0.0023724793,0,1
0.5527429,0,1
0.5976469,0,1
0.4641788,0,1
0.44744584,0,1
0.0696767,0,1
0.34073246,0,1
0.3008765,0,1
0.60699534,0,1
0.40932602,0,1
0.46645188,0,0
0.25009754,0,1
0.4133103,0,2
0.70236814,0,1
0.23561431,0,1
0.11958875,0,1
0.48918268,1,2
0.58088696,0,2
0.42190015,0,2
0.64772534,0,1
0.26961666,0,1
0.31771094,0,1
0.65222996,0,1
0.0076923077,0,1
0.50396657,0,2
0.8660918,0,3
0.0074618794,0,1
0.44918007,0,1
0.57459503,0,1
0.7657359,0,2
0.026791276,0,0
0.2679204,0,1
0.43071076,0,2
0.01943109,0,0
0.4839636,0,2
0.33827025,0,1
0.006045949,0,2
0.26512167,0,1
0.00048812234,0,1
0.5355425,0,2
0.45514676,0,1
0.6666124,0,1
0.5874389,0,1
0.6762464,0,2
0.26797244,0,1
0.0023094688,0,1
0.51806384,0,1
0.3109186,0,1
0.15806602,0,1
0.42754892,0,1
0.008465609,0,1
0.41984564,0,1
0.009786209,0,1
0.6858578,0,1
0.0016078402,0,1
0.009228375,0,1
0.8577195,1,2
0.9701105,0,2
0.7276573,0,3
0.7333574,0,2
0.63154197,0,1
0.5727827,0,2
0.00043782836,0,0
0.63752913,0,1
0.3293147,0,2
0.24931921,0,1
0.02257484,0,1
0.39867786,0,1
0.42669845,0,1
0.858418,0,2
0.24277043,0,1
0.0007788162,0,1
0.5214201,0,1
0.40611354,0,1
0.56129366,0,2
0.009620524,0,1
0.6920719,0,1
0.35357493,0,0
0.08320951,0,1
0.518217,0,1
0.009449071,0,1
0.44396177,0,1
0.3820096,0,1
0.56311464,0,2
0.33131275,0,1
0.45116532,0,1
0.64545816,0,2
0.28553176,0,1
0.04637097,0,2
0.0037292817,0,1
0.019126425,0,3
0.4963965,0,1
0.046411805,0,2
0.0012152309,0,3
0.071353205,6,3
0.054093182,2,3
0.061127283,4,3
0.007444169,0,1
0.0010121458,0,1
0.0037902717,0,1
0.28450888,0,2
0.0011525163,0,1
0.007688229,0,1
0.27644527,0,1
0.5117788,0,1
0.3529357,0,2
0.0,0,1
0.45972264,0,1
0.5035405,0,2
0.009352787,0,1
0.24450299,0,1
0.6341692,0,1
0.37016353,0,1
0.30690244,0,0
0.6328302,0,0
0.23296158,0,0
0.3281665,0,0
0.80393785,0,2
0.55093855,0,1
0.46325824,0,1
0.55836576,1,5
0.976624,20,2
0.009447525,0,2
0.0033364473,0,2
0.88675135,1,4
0.90746164,0,2
0.9157518,5,5
0.3998835,0,1
0.88428885,0,2
0.9419477,4,2
0.30727082,0,1
0.9618239,3,2
0.39893204,1,3
0.005766369,0,4
0.51439506,0,2
0.5188015,0,2
0.22060196,0,2
0.35048825,0,2
0.4206562,0,2
0.37973467,0,2
0.48988616,2,4
0.29230294,0,2
0.091397285,0,3
0.11558129,0,3
0.19972888,0,2
0.014573089,0,1
0.26103586,0,2
0.7118007,0,2
0.52244425,2,5
0.22244248,0,3
0.0033769954,0,2
0.0028799144,0,2
0.24791409,0,2
0.0,0,1
0.0,0,1
0.015068493,0,0
0.002545609,0,0
0.004160666,0,1
0.37623763,0,1
0.2114579,0,1
0.64289635,0,1
0.18425106,0,1
0.3474238,0,1
0.61247945,0,1
0.22950974,0,1
0.45568824,0,2
0.033665657,0,1
0.0005545082,0,1
0.2524214,0,1
0.67622817,0,1
0.598002,0,1
0.57524663,0,1
0.7485599,0,2
0.6238455,0,1
0.39845973,0,1
0.013839891,0,1
0.004177982,0,1
0.66589826,0,1
0.0043541365,0,0
0.5931716,0,1
0.015451342,0,1
0.0076793605,0,1
0.20610027,0,2
0.4098207,0,1
0.725948,0,1
0.66068995,0,1
0.6014387,0,2
0.5787857,0,1
0.46175593,0,1
0.45283222,1,1
0.56167746,0,1
0.12149028,0,1
0.0067781294,0,1
0.4098665,0,1
0.3734062,0,1
0.0,0,1
0.4764421,0,1
0.46532553,0,2
0.020858165,0,0
0.4300752,0,1
0.009029843,0,1
0.0068896404,0,1
0.006437768,0,2
0.0070178905,0,1
0.21330988,0,1
0.9270978,0,2
0.35563973,0,2
0.01045947,0,3
0.9281178,3,1
0.59194356,0,2
0.22000408,0,1
0.05886056,0,2
0.43634656,0,2
0.741248,0,1
0.0048148762,0,1
0.8020897,0,2
0.8839429,1,2
0.007484871,0,1
0.8663273,0,2
0.6087173,0,1
0.12763001,0,1
0.45460263,0,2
0.51274985,0,1
0.36277643,0,1
0.43141645,0,1
0.5115272,0,1
0.03961839,0,1
0.03910483,0,1
0.40874934,0,1
0.0,0,1
0.03692356,0,1
0.12754644,0,1
0.46983537,0,1
0.2949492,0,1
0.0016273393,0,1
0.6630165,0,2
0.13575482,0,0
0.032061238,0,1
0.004270463,0,1
0.15282977,0,1
0.033568215,0,1
0.5673296,0,1
0.0021777004,0,1
0.5406583,0,1
0.5857047,0,1
0.38668403,0,1
0.38234165,0,1
0.4151515,0,1
0.003991403,0,2
0.64285123,0,1
0.04420122,0,1
0.4975775,0,1
0.07452556,0,2
0.093611546,0,1
0.86924297,0,1
0.0,0,1
0.1307412,0,1
0.16707522,0,1
0.0020187455,0,2
0.066470265,0,1
0.0035098915,0,1
0.004211793,0,2
0.16980593,0,1
0.0046710265,0,1
0.22060767,0,1
0.00034287674,0,1
0.5141252,0,1
0.31584677,0,2
0.46862543,0,1
0.5756904,0,1
0.48005193,0,1
0.61639285,0,2
0.58874565,0,2
0.544722,0,1
0.0005698655,0,1
0.004184587,0,2
0.55603707,0,1
0.5376018,0,2
0.6179445,0,1
0.0051605506,0,1
0.57873386,0,1
0.5505267,0,1
0.30686393,0,1
0.61881775,0,2
0.39519462,0,1
0.49215585,0,1
0.048084665,0,1
0.0022182171,0,1
0.008764242,0,1
0.014027149,0,2
0.005298715,0,2
0.008017016,0,1
0.63880575,0,2
0.6525238,0,1
0.5375369,0,2
0.4360376,0,2
0.95658773,0,1
0.6112057,0,3
0.6447668,0,2
0.2099478,0,4
0.95812166,4,2
0.956854,4,3
0.55783546,0,3
0.6688838,0,3
0.61114645,0,1
0.16830675,0,1
0.46475163,0,1
0.5796024,0,3
0.5262083,0,2
0.5947641,0,2
0.5753025,0,2
0.022768434,0,1
0.36329553,0,1
0.6034646,0,0
0.5059418,0,1
0.0026438886,0,2
0.43158725,0,1
0.5367263,0,1
0.0,0,1
0.90902114,0,1
0.29596853,0,1
0.18476357,0,2
0.41567653,0,2
0.17044818,0,1
0.024461482,0,1
0.18960674,0,1
0.022669706,0,1
0.0010700909,0,1
0.21955045,0,1
0.5955998,0,2
0.16934296,0,1
0.012114686,0,1
0.52934337,0,1
0.00447669,0,1
0.28044233,0,1
0.42915037,0,1
0.62050754,0,1
0.37785614,0,0
0.42015857,0,1
0.6616403,0,0
0.5145901,0,1
0.77339524,0,1
0.0,0,1
0.4007337,0,2
0.31670195,0,2
0.5007955,0,3
0.013566653,0,1
0.30766425,0,3
0.40860775,0,1
0.0,0,2
0.0038219425,0,1
0.0,0,1
0.0,0,1
0.20433144,0,1
0.67781055,1,4
0.67394334,1,4
0.3044115,0,1
0.79222167,0,4
0.016917905,0,2
0.0022087775,0,2
0.35966736,0,1
0.02221965,0,1
0.3876567,0,1
0.53320235,0,1
0.008191277,0,1
0.0031617554,0,1
0.718016,4,4
0.37531173,0,3
0.46164384,0,2
0.94035167,0,2
0.5994478,0,1
0.67830503,0,3
0.8461232,0,3
0.4691092,0,4
0.3709914,0,1
0.46896553,0,3
0.83185625,0,1
0.5902292,0,2
0.30627716,0,1
0.29363433,0,1
0.8991087,0,2
0.9608333,19,2
0.29789582,0,2
0.5219907,0,2
0.00029312618,0,1
0.6608898,0,2
0.77709585,0,3
0.28604335,0,1
0.61381966,0,1
0.38462338,0,1
0.7450377,0,1
0.5470578,0,1
0.29693276,1,4
0.56022036,4,4
0.2614373,0,5
0.37325796,0,5
0.010695893,0,1
0.29497683,0,2
0.7281566,0,1
0.0005256242,0,1
0.49802276,0,1
0.25376377,0,1
0.6831179,0,3
0.6543031,0,2
0.49666002,0,2
0.1914977,0,3
0.21411555,0,3
0.28818804,1,2
0.1422793,0,2
0.029221363,0,2
0.7862237,0,2
0.57692903,0,2
0.95910954,9,1
0.21572468,0,2
0.47748357,0,2
0.1877596,0,1
0.21787757,0,1
0.48066297,0,1
0.16366267,0,1
0.056209784,0,1
0.0006908122,0,1
0.5894194,0,1
0.564929,0,1
0.4825486,0,1
0.5411219,0,1
0.48912874,0,1
0.3324686,0,1
0.60305166,0,1
0.6270957,0,1
0.014071721,0,1
0.012344108,0,1
0.47436866,0,1
0.0041841003,0,1
0.99871933,384,1
0.5650283,0,2
0.34695467,0,3
0.54674244,0,1
0.6263525,0,1
0.6152744,0,2
0.6326613,0,1
0.29092044,0,1
0.47017097,0,2
0.62967855,0,3
0.8357247,1,3
0.80108935,1,3
0.58033895,0,2
0.89714146,4,1
0.5265448,0,2
0.5490858,0,2
0.69853157,0,2
0.5471358,0,1
0.65858173,0,2
0.47796008,0,1
0.00465286,0,1
0.0027977133,0,1
0.4639376,1,2
0.4847639,0,1
0.5749452,0,1
0.5466896,0,2
0.4446182,0,2
0.0015500672,0,1
0.5795263,0,1
0.0012695312,0,1
0.5043252,0,2
0.0088538155,0,1
0.43732247,0,2
0.54914284,0,1
0.8672919,3,4
0.033364702,0,1
0.17655604,0,1
0.33142856,0,2
0.43303895,0,1
0.8725412,2,3
0.5708502,0,1
0.68577874,0,0
0.92015254,0,1
0.1421848,0,1
0.00056264066,0,1
0.16981132,0,2
0.23863925,0,1
0.5909497,0,1
0.012923077,0,1
0.0027104723,0,1
0.00048212134,0,1
0.42318386,0,2
0.00022031284,0,2
0.37416422,0,1
0.019253073,0,2
0.5021989,0,1
0.5116211,0,2
0.38595757,0,1
0.0030734842,0,1
0.011829492,0,1
0.36776364,0,1
0.07881644,0,1
0.69698364,0,1
0.7128954,0,2
0.7898983,0,2
0.6636543,0,1
0.23679061,0,2
0.00048297513,0,0
0.8719926,0,1
0.005272634,0,1
0.588151,0,1
0.009030544,0,1
0.41198567,0,1
0.0021971362,0,1
0.0333811,0,1
0.0,0,2
0.0017521504,0,1
0.6448125,0,1
0.27489734,1,2
0.6539554,0,1
0.32584646,0,1
0.2983168,0,1
0.80480236,2,2
0.34137657,0,1
0.52646637,0,1
0.0060706404,0,3
0.0009460738,0,1
0.014,0,1
0.14192903,0,1
0.8256517,0,2
0.21773328,0,1
0.3115225,0,2
0.086906806,0,1
0.01257229,0,1
0.028731199,0,1
0.09824096,0,1
0.21300578,0,1
0.38588357,0,1
0.006265664,0,1
0.6479401,0,1
0.042357273,0,1
0.19435655,0,1
0.23107049,0,1
0.21307038,0,1
0.044067796,0,1
0.11603116,0,1
0.0,0,1
0.020808324,0,1
0.29312763,0,2
0.2678822,0,1
0.11766903,0,1
0.17399545,0,1
0.099027105,0,2
0.0012738854,0,1
0.00042753314,0,1
0.17470355,0,1
0.0,0,1
0.004640371,0,1
0.0039726878,0,2
0.66933334,0,2
0.5332734,0,1
0.42179462,0,1
0.6421458,0,1
0.1677151,0,1
0.29681924,0,0
0.619491,0,2
0.9902724,1,1
0.09357006,0,2
0.18169643,0,1
0.14727272,0,1
0.24386252,0,0
0.37737116,0,1
0.64212286,0,2
0.16198182,0,1
0.9281158,0,2
0.5487267,0,1
0.5420868,0,1
0.55781853,0,1
0.41049987,0,1
0.0018044794,0,1
0.045134913,0,2
0.0064618927,0,1
0.4515072,0,1
0.6765673,0,2
0.33353612,0,1
0.44843122,0,2
0.53846157,0,1
0.39775714,0,1
0.72417957,0,1
0.0076595745,0,2
0.006593964,0,0
0.28876635,0,1
0.08821443,0,1
0.6401078,0,1
0.00232423,0,1
0.00076345593,0,1
0.613609,0,2
0.56402695,0,1
0.0013723068,0,1
0.23016793,0,1
0.38142827,0,0
0.5372819,0,1
0.015141683,0,1
0.5541777,0,1
0.31016344,0,1
0.39441425,0,1
0.41652852,0,1
0.52051765,0,0
0.3109863,0,1
0.012490242,0,1
0.47826087,0,1
0.005098789,0,1
0.01055409,0,1
0.51493615,0,1
0.70546055,0,1
0.007440476,0,1
0.36884257,0,2
0.5498008,0,1
0.004055808,0,1
0.38595647,0,1
0.4977551,0,1
0.40672857,0,2
0.5890996,0,1
0.41161716,0,1
0.40075788,0,1
0.5006009,0,1
0.6534508,0,1
0.54910886,0,1
0.55574167,0,1
0.5359873,0,1
0.5630756,0,1
0.5476724,0,1
0.46446335,0,1
0.011335223,0,1
0.0078125,0,1
0.5458767,0,1
0.31519234,0,1
0.5467128,0,2
0.009739438,0,1
0.0040036957,0,1
0.52683336,0,2
0.5377451,0,1
0.1674231,0,1
0.4149477,0,1
0.8914858,1,3
0.5989805,0,2
0.38485688,0,2
0.49644127,0,4
0.2547447,0,2
0.41582882,0,3
0.00052863435,0,1
0.11776609,0,2
0.20879121,0,1
0.012491027,0,1
0.27197376,0,1
0.012501736,0,1
0.6356813,0,1
0.005024224,0,1
0.47920817,0,1
0.36952055,0,1
0.15763195,0,1
0.14530864,0,1
0.25663716,0,2
0.44280577,0,1
0.0056119147,0,1
0.8363452,0,1
0.6018953,0,2
0.29044485,0,1
0.29362214,0,1
0.0,0,1
0.3798387,0,1
0.21262458,0,1
0.5810056,0,1
0.02001026,0,1
0.012235294,0,1
0.0062506623,0,2
0.0046215556,0,1
0.004968139,0,1
0.586351,0,1
0.7350064,0,2
0.36110225,0,1
0.0017385806,0,1
0.6090347,0,2
0.4279988,0,1
0.0051716547,0,1
0.29250458,0,1
0.06615184,0,1
0.62181115,0,1
0.49151623,0,1
0.15510863,0,1
0.48136592,0,1
0.0038548452,0,1
0.14475785,0,1
0.36317968,0,1
0.6089082,0,1
0.48052675,0,1
0.6057828,0,1
0.35367233,0,1
0.010473052,0,1
0.7693008,0,2
0.82963127,0,1
0.0055813952,0,1
0.0047854786,0,1
0.009080403,0,2
0.00045289856,0,1
0.25791857,0,1
0.5132203,0,1
0.28398144,0,2
0.00754717,0,1
0.018041888,0,1
0.07041767,0,1
0.49891695,0,2
0.0027816412,0,1
0.527548,0,1
0.37689465,0,1
0.5790688,0,1
0.47520417,0,1
0.64677805,0,1
0.008068199,0,2
0.015151516,0,1
0.6273916,0,1
0.27937073,0,1
0.5596652,0,1
0.53916556,0,1
0.6238338,0,2
0.006066734,0,2
0.0076687117,0,2
0.007951741,0,1
0.3576065,0,1
0.39424497,0,1
0.37452862,0,1
0.0068215732,0,2
0.3397552,0,1
0.19937485,0,1
0.0050983247,0,1
0.4983555,0,1
0.005410723,0,1
0.0045045046,0,1
0.007704785,0,1
0.10466331,0,1
0.02571752,0,1
0.030407343,0,2
0.017706476,0,1
0.50890905,0,1
0.00914216,0,1
0.121665955,0,1
0.0069511803,0,2
0.52257454,0,1
0.00016420361,0,1
0.13139978,0,1
0.09480997,0,2
0.00075287034,0,1
0.64962167,0,2
0.6406655,0,1
0.0051428573,0,1
0.5451389,0,1
0.41280538,0,1
0.007203842,0,1
0.25457138,0,2
0.9323094,1,1
0.021134594,0,2
0.004819591,0,2
0.7304673,0,1
0.50633186,0,1
0.001726718,0,1
0.0064199395,0,2
0.45605385,1,3
0.46795657,1,3
0.034006376,0,1
0.034535393,0,1
0.017126545,0,1
0.020295503,0,1
0.025870178,0,2
0.5858933,0,2
0.021457,0,0
0.014364124,0,1
0.0018578352,0,3
0.009327633,0,2
0.003125,0,1
0.0048956755,0,1
0.38446903,0,1
0.20977895,0,2
0.009010374,0,1
0.07858911,0,1
0.0033174672,0,1
0.65798193,0,1
0.020869717,0,2
0.38191158,0,2
0.7228184,0,2
0.038693234,0,1
0.5605036,0,1
0.86970335,0,1
0.37586302,0,1
0.23915009,0,2
0.42463645,0,2
0.75587785,0,3
0.00026283512,0,1
0.0046812613,0,2
0.37421528,0,2
0.46866444,0,2
0.0046249293,0,2
0.0019723866,0,2
0.279893,0,1
0.009156697,0,2
0.04054272,0,2
0.20561798,0,1
0.7781314,0,1
0.58216757,0,1
0.612089,0,1
0.28461748,0,1
0.4089904,0,1
0.37058017,0,1
0.2328988,0,1
0.57092136,0,1
0.6345041,0,1
0.013585638,0,0
0.0019365771,0,1
0.45511535,0,2
0.2954471,0,1
0.4105651,0,1
0.4840415,0,2
0.043819312,0,1
0.5599379,0,1
0.19820325,0,1
0.00554624,0,1
0.9989671,1371,1
0.43869886,0,1
0.32537794,0,1
0.43398172,0,1
0.053829152,0,1
0.43224066,0,1
0.639969,0,1
0.5104927,0,1
0.5403165,0,1
0.009801771,0,1
0.63400966,0,1
0.85850316,0,2
0.29908815,0,1
0.32967153,0,2
0.016517183,0,1
0.29758164,0,1
0.056898586,0,0
0.32301247,0,2
0.0,0,1
0.019475076,0,1
0.3323976,0,1
0.19493799,0,1
0.7644492,0,1
0.6223919,0,2
0.5598432,0,1
0.12457421,0,1
0.008695652,0,1
0.01047443,0,1
0.46944675,0,1
0.35971802,0,0
0.53913045,0,1
0.5147808,0,1
0.22343944,0,2
0.042590432,0,1
0.007868207,0,1
0.32651892,0,2
0.9298117,0,1
0.040870387,0,0
0.60762143,0,3
0.29848495,0,1
0.06829335,0,1
0.37523532,0,1
0.20684646,0,3
0.940224,1,1
0.0019286403,0,1
0.45772594,0,1
0.7127201,0,2
0.19240215,0,1
0.6631258,0,2
0.5566202,0,3
0.30348194,0,2
0.4517714,0,3
0.5254185,0,2
0.74964565,0,2
0.37648302,0,2
0.66701716,0,2
0.52388936,0,1
0.16669069,0,2
0.043402504,0,1
0.0,0,1
0.1557157,0,2
0.80931306,0,2
0.3019024,0,2
0.2713019,0,1
0.06618013,0,2
0.18896113,0,3
0.60699505,0,1
0.57787997,0,1
0.21432924,0,1
0.73367745,0,1
0.2975363,0,1
0.69364244,1,2
0.4546538,0,1
0.82488114,2,1
0.6110506,0,3
0.71364135,0,1
0.7013565,0,2
0.6018546,0,1
0.37468073,1,2
0.49955603,0,2
0.64286274,0,2
0.018839488,0,2
0.63639104,0,2
0.1910643,0,3
0.80915594,2,3
0.4230496,0,3
0.9100296,10,3
0.2545989,0,1
0.21300201,0,3
0.46102634,0,3
0.45289788,0,2
0.6003241,0,1
0.52165335,0,1
0.011857707,0,0
0.034735262,0,1
0.024566473,0,2
0.3065391,0,2
0.715763,0,2
0.78786504,0,1
0.886531,1,2
0.717268,0,2
0.9323641,0,2
0.37936604,0,1
0.8900073,0,2
0.46876538,0,2
0.38134637,0,2
0.7732923,1,4
0.52197605,0,2
0.7728792,0,2
0.75591063,0,2
0.6511315,0,2
0.5668758,0,1
0.6565222,0,2
0.0010196278,0,1
0.012395811,0,1
0.38024735,0,2
0.11893071,0,1
0.34940153,0,2
0.32574108,0,1
0.04155598,0,1
0.009589378,0,1
0.5655581,0,2
0.7622087,1,3
0.84656423,2,4
0.39992025,0,2
0.2586494,0,1
0.4882055,0,2
0.0023299162,0,2
0.004921058,0,1
0.005816413,0,1
0.93795663,0,1
0.6946423,0,2
0.0029213072,0,2
0.013058619,0,1
0.00250339,0,1
0.5684043,0,2
0.55365723,0,1
0.0008366451,0,0
0.00017667844,0,1
0.0022381905,0,1
0.4697655,0,2
0.77539885,0,2
0.54042023,0,2
0.32996485,0,2
0.003526093,0,1
0.0,0,1
0.5283641,0,2
0.0016019223,0,1
0.237828,0,1
0.64221865,0,1
0.0016060572,0,2
0.0018744143,0,2
0.6826168,0,1
0.0,0,1
0.2789855,0,1
0.001557902,0,2
0.0008064516,0,1
0.0005545543,0,1
0.0013959982,0,2
0.0036882616,0,2
0.92138994,0,2
0.7929613,0,2
0.004694323,0,1
0.24641266,0,1
0.36940476,0,1
0.00040160643,0,1
0.009302326,0,1
0.29875988,0,1
0.30187097,0,2
0.004553864,0,1
0.00028628687,0,1
0.59409076,0,2
0.19304039,0,1
0.010950154,0,3
0.27502528,0,1
0.17691189,0,1
0.40362102,1,3
0.45644885,1,3
0.11291085,0,3
0.9020628,4,4
0.25307724,0,2
0.72605324,0,1
0.6546883,1,1
0.6089433,0,1
0.95214653,4,2
0.8785028,1,1
0.798975,0,2
0.6832786,1,3
0.3590682,0,2
0.5317144,0,1
0.31643993,0,2
0.0008183306,0,1
0.42784044,0,1
0.29822755,0,2
0.38449445,0,1
0.38909918,0,2
0.19412278,0,2
0.25803608,0,2
0.7180799,0,1
0.4873409,0,2
0.10703533,0,1
0.4043552,0,1
0.14791176,0,1
0.60401124,0,1
0.3131223,0,1
0.23166223,0,1
0.32440925,0,1
0.40052426,0,1
0.5174957,0,3
0.68637025,0,3
0.46145502,0,1
0.2737486,0,1
0.19380787,0,1
0.4344886,0,1
0.25716928,0,1
0.39134356,0,1
0.6309963,0,1
0.38653892,0,1
0.4467258,0,1
0.95487964,0,2
0.325226,0,2
0.301212,0,2
0.0056105275,0,1
0.3947481,0,1
0.39161864,0,1
0.58927435,0,1
0.27033585,0,1
0.55353075,0,1
0.019349478,0,1
0.251853,0,3
0.30161208,0,1
0.30530012,0,1
0.41442996,0,2
0.008249497,0,2
0.7538255,2,3
0.680234,1,3
0.27941582,0,1
0.32892278,0,2
0.3120818,0,1
0.26254368,0,1
0.20334311,0,1
0.0024839006,0,2
0.6129395,0,1
0.0012330456,0,1
0.003434066,0,1
0.9566603,0,1
0.6302828,0,1
0.5284399,0,1
0.37532794,0,1
0.0016863407,0,3
0.44359198,0,2
0.9943525,32,3
0.5359042,0,3
0.0010379904,0,2
0.6562896,0,3
0.8431074,1,3
0.5794096,0,3
0.57793117,0,3
0.4102411,0,2
0.0039199507,0,3
0.61651134,0,3
0.6317929,0,2
0.0011304909,0,1
0.019832605,0,3
0.15057035,0,3
0.005607221,0,2
0.2340927,0,3
0.32381803,0,0
0.5707343,0,1
0.8557648,0,2
0.20703784,0,2
0.020229504,0,2
0.36213374,0,1
0.25812477,0,1
0.0003468609,0,1
0.0,0,2
0.3080418,0,2
0.40525433,0,2
0.4296131,0,1
0.31610885,0,1
0.0002365744,0,1
0.007621411,0,1
0.61269635,0,3
0.32370472,0,2
0.42022792,0,2
0.6625132,0,2
0.0050614607,0,2
0.05245056,0,2
0.55691457,0,1
0.5442523,0,2
0.31708732,0,2
0.5344122,0,2
0.008897362,0,1
0.46568942,0,1
0.006776904,0,1
0.894706,0,1
0.0028433325,0,2
0.0035352723,0,1
0.26322114,0,2
0.0060336613,0,2
0.0024301338,0,2
0.5870301,0,2
0.0032592593,0,1
0.011255411,0,1
0.0023940627,0,1
0.008178844,0,1
0.04334471,0,1
0.2027127,0,1
0.52957666,0,2
0.24264571,0,1
0.3439,0,1
0.032519396,0,1
0.47759235,0,1
0.3179931,0,1
0.5711718,0,1
0.3069649,0,1
0.50314903,0,2
0.0,0,1
0.060881417,0,1
0.16396867,0,2
0.3630303,0,2
0.40537542,0,2
0.75079685,0,2
0.31443638,0,1
0.5938665,0,1
0.75412464,0,2
0.4288369,0,2
0.6516288,0,2
0.2926258,0,1
0.028428735,0,1
0.55331415,0,1
0.015284854,0,1
0.25228035,0,1
0.3029837,0,1
0.4404533,0,3
0.4736891,0,1
0.21031189,0,2
0.60180354,0,1
0.8460531,0,1
0.018720748,0,1
0.50998586,0,1
0.5280899,0,1
0.0075725704,0,2
0.0031239723,0,2
0.008585503,0,2
0.001633542,0,2
0.0020723736,0,2
0.43080974,0,2
0.48475567,0,2
0.33290553,0,2
0.37006548,0,2
0.48875543,0,2
0.64822507,0,2
0.0027711065,0,2
0.0030115442,0,2
0.32671311,0,2
0.0031787583,0,2
0.0020833334,0,1
0.0028394856,0,2
0.7500365,0,1
0.0011051468,0,2
0.032155477,0,2
0.0024779309,0,2
0.6736433,0,2
0.346541,0,2
0.75746053,0,2
0.005999143,0,2
0.0028662956,0,2
0.013774567,0,2
0.002886738,0,2
0.0034266133,0,2
0.0065141404,0,1
0.0062045734,0,3
0.005939835,0,2
0.006790876,0,2
0.002489971,0,2
0.0042956863,0,2
0.0032298137,0,1
0.59299713,0,1
0.67882955,0,1
0.3425033,0,3
0.5168344,0,1
0.5725244,0,1
0.01681466,0,2
0.47897196,0,4
0.49778956,0,3
0.30235416,0,0
0.0012404749,0,2
0.04128988,0,3
0.23768054,0,1
0.427486,0,1
0.269523,0,2
0.0010238908,0,3
0.0066601373,0,2
0.0021148035,0,2
0.24521683,0,3
0.21583723,0,2
0.33429506,0,3
0.005369783,0,4
0.99255604,36,3
0.4511998,0,3
0.99441403,108,3
0.0011869436,0,3
0.24291256,0,4
0.023454787,0,1
0.0031136482,0,3
0.24974063,0,2
0.0031018439,0,3
0.45320755,0,4
0.6029302,0,2
0.50986344,0,1
0.6471527,0,1
0.31828383,0,2
0.36437717,0,1
0.33479077,0,2
0.0063653723,0,1
0.3460604,0,2
0.23448096,0,1
0.68123347,0,3
0.012134002,0,1
0.06317654,0,1
0.09190873,0,1
0.45161608,0,2
0.32963938,0,2
0.7833484,0,1
0.0011413664,0,1
0.08250033,0,2
0.3385926,0,1
0.5254872,0,1
0.028678304,0,1
0.1850456,1,1
0.23999558,0,1
0.03847382,0,1
0.27737394,0,1
0.33345523,0,1
0.2514628,0,2
0.6489977,0,1
0.36149877,0,1
0.1099182,0,1
0.3942302,0,1
0.64453125,0,1
0.3592773,0,0
0.44961545,0,1
0.0004789272,0,1
0.5704678,0,2
0.008116429,0,1
0.43318123,0,1
0.0327495,0,3
0.00012961763,0,2
0.06956072,0,2
0.0014578587,0,2
0.023514044,0,1
0.48367703,0,3
0.00027578598,0,2
0.0033266218,0,2
0.002376103,0,0
0.38023567,0,3
0.026206123,0,3
0.39486694,0,0
0.96981037,0,1
0.305638,0,2
0.41243893,0,2
0.27227655,0,3
0.6577329,0,2
0.42290887,0,2
0.6966828,0,2
0.30787182,0,1
0.38576955,0,1
0.54663444,0,1
0.5870698,0,1
0.27225363,0,1
0.20707683,0,1
0.017096883,0,2
0.007974481,0,2
0.6025867,0,1
0.004098791,0,2
0.034727145,0,3
0.4942568,0,2
0.5188687,0,2
0.0014008873,0,2
0.9710218,14,2
0.40964514,0,2
0.274147,0,1
0.12717131,0,0
0.016791422,0,1
0.014117861,0,1
0.678462,0,1
0.69946045,0,1
0.5504569,0,1
0.001866368,0,1
0.009897759,0,1
0.0014702555,0,1
0.026997041,0,1
0.6573143,0,1
0.18794736,0,2
0.5069611,0,1
0.15067504,0,3
0.45379245,0,3
0.0010332358,0,4
0.021453392,0,2
0.020603938,0,4
0.0016520733,0,4
0.021655144,0,4
0.316231,1,4
0.01082578,0,4
0.004824013,0,4
0.1330398,0,4
0.956074,26,3
0.24601786,0,4
0.0024875621,0,3
0.002335013,0,4
0.27565283,0,2
0.08990181,0,4
0.0014769491,0,2
0.0098588625,0,5
0.96020085,33,3
0.055023924,0,4
0.61751795,0,4
0.6072261,0,4
0.15200052,0,4
0.065416895,0,4
0.02303689,0,1
0.15088677,0,2
0.026809651,0,1
0.20404638,0,4
0.48990253,0,2
0.034849696,0,3
0.017984472,0,2
0.32578096,0,4
0.0014650226,0,2
0.00017699115,0,5
0.039846893,0,4
0.35115257,0,2
0.24043433,0,4
0.03851863,0,4
0.7536488,0,1
0.6035242,0,1
0.42223322,0,1
0.43069088,0,1
0.6480367,0,3
0.006305977,0,1
0.0009044862,0,1
0.59357125,0,2
0.49563274,0,2
0.40421632,0,2
0.5570028,0,1
0.3915396,0,2
0.6853183,0,3
0.14658804,0,2
0.6580906,0,2
0.2962925,0,2
0.27391508,0,2
0.36927122,0,0
0.006198929,0,1
0.5962594,0,1
0.1351527,0,0
0.92796147,0,1
0.0028146813,0,2
0.0026921195,0,1
0.97908324,0,2
0.6391223,0,1
0.4393612,0,2
0.1999179,0,1
